2025-05-07 19:31:37,203 - INFO - Test message sent to chat ID -4783251284
2025-05-07 19:41:56,200 - INFO - Test message sent to chat ID -4783251284
2025-05-07 19:46:30,198 - INFO - Test message sent to chat ID -1002593119445
2025-05-07 19:58:51,959 - INFO - HTTP Request: POST https://api.telegram.org/bot7836218242:AAEz4p9jgZPrj5wF2OqA4tv1NSM2RKCgfx8/sendMessage "HTTP/1.1 200 OK"
2025-05-07 19:58:51,962 - INFO - Message sent to chat ID -1002593119445: Test message from @PytstsyToDobot! 🍕
2025-05-08 07:57:48,963 - INFO - HTTP Request: POST https://api.telegram.org/bot7836218242:AAEz4p9jgZPrj5wF2OqA4tv1NSM2RKCgfx8/sendMessage "HTTP/1.1 200 OK"
2025-05-08 07:57:48,965 - INFO - Message sent to chat ID -1002593119445: Test message from @PytstsyToDobot! 🍕
2025-05-08 08:06:57,018 - INFO - HTTP Request: POST https://api.telegram.org/bot7836218242:AAEz4p9jgZPrj5wF2OqA4tv1NSM2RKCgfx8/sendMessage "HTTP/1.1 401 Unauthorized"
2025-05-08 08:06:57,020 - ERROR - Failed to send message to chat ID -1002593119445: Unauthorized
2025-05-08 08:07:10,701 - INFO - HTTP Request: POST https://api.telegram.org/bot7836218242:AAErQTHFy-LiPSTZeAqb2JYk-q6euCZtHRw/sendMessage "HTTP/1.1 200 OK"
2025-05-08 08:07:10,703 - INFO - Message sent to chat ID -1002593119445: Test message from @PytstsyToDobot! 🍕
2025-05-08 08:13:18,981 - INFO - HTTP Request: POST https://api.telegram.org/bot7836218242:AAErQTHFy-LiPSTZeAqb2JYk-q6euCZtHRw/sendMessage "HTTP/1.1 200 OK"
2025-05-08 08:13:18,984 - INFO - Message sent to chat ID -1002593119445: Test message from @PytstsyToDobot! 🍕
2025-05-08 08:13:19,198 - INFO - HTTP Request: POST https://api.telegram.org/bot7836218242:AAErQTHFy-LiPSTZeAqb2JYk-q6euCZtHRw/sendMessage "HTTP/1.1 400 Bad Request"
2025-05-08 08:13:19,200 - ERROR - Failed to send message to chat ID 1502264833: Chat not found
2025-05-08 08:13:50,067 - INFO - HTTP Request: POST https://api.telegram.org/bot7836218242:AAErQTHFy-LiPSTZeAqb2JYk-q6euCZtHRw/sendMessage "HTTP/1.1 200 OK"
2025-05-08 08:13:50,070 - INFO - Message sent to chat ID -1002593119445: Test message from @PytstsyToDobot! 🍕
2025-05-08 08:13:50,303 - INFO - HTTP Request: POST https://api.telegram.org/bot7836218242:AAErQTHFy-LiPSTZeAqb2JYk-q6euCZtHRw/sendMessage "HTTP/1.1 400 Bad Request"
2025-05-08 08:13:50,304 - ERROR - Failed to send message to chat ID 1502264833: Chat not found
2025-05-08 08:14:07,167 - INFO - HTTP Request: POST https://api.telegram.org/bot7836218242:AAErQTHFy-LiPSTZeAqb2JYk-q6euCZtHRw/sendMessage "HTTP/1.1 200 OK"
2025-05-08 08:14:07,169 - INFO - Message sent to chat ID -1002593119445: Test message from @PytstsyToDobot! 🍕
2025-05-08 08:14:07,388 - INFO - HTTP Request: POST https://api.telegram.org/bot7836218242:AAErQTHFy-LiPSTZeAqb2JYk-q6euCZtHRw/sendMessage "HTTP/1.1 400 Bad Request"
2025-05-08 08:14:07,389 - ERROR - Failed to send message to chat ID 1502264833: Chat not found
2025-05-08 08:14:26,368 - INFO - HTTP Request: POST https://api.telegram.org/bot7836218242:AAErQTHFy-LiPSTZeAqb2JYk-q6euCZtHRw/sendMessage "HTTP/1.1 200 OK"
2025-05-08 08:14:26,371 - INFO - Message sent to chat ID -1002593119445: Test message from @PytstsyToDobot! 🍕🍕
2025-05-08 08:14:26,602 - INFO - HTTP Request: POST https://api.telegram.org/bot7836218242:AAErQTHFy-LiPSTZeAqb2JYk-q6euCZtHRw/sendMessage "HTTP/1.1 400 Bad Request"
2025-05-08 08:14:26,604 - ERROR - Failed to send message to chat ID 1502264833: Chat not found
2025-05-08 08:16:33,572 - INFO - HTTP Request: POST https://api.telegram.org/bot7836218242:AAErQTHFy-LiPSTZeAqb2JYk-q6euCZtHRw/sendMessage "HTTP/1.1 200 OK"
2025-05-08 08:16:33,574 - INFO - Message sent to chat ID -1002593119445: Test message from @PytstsyToDobot! 🍕
2025-05-08 08:33:05,822 - INFO - HTTP Request: POST https://api.telegram.org/bot7836218242:AAErQTHFy-LiPSTZeAqb2JYk-q6euCZtHRw/sendMessage "HTTP/1.1 200 OK"
2025-05-08 08:33:05,824 - INFO - Message sent to chat ID -1002593119445: Ich liebe dich!
2025-05-08 09:19:38,773 - INFO - Command handlers registered
2025-05-08 09:19:38,774 - INFO - Starting bot polling
2025-05-08 09:24:52,616 - INFO - Command handlers registered
2025-05-08 09:24:52,616 - INFO - Starting bot polling
2025-05-08 09:24:52,984 - INFO - HTTP Request: POST https://api.telegram.org/bot7836218242:AAErQTHFy-LiPSTZeAqb2JYk-q6euCZtHRw/getMe "HTTP/1.1 200 OK"
2025-05-08 09:24:53,007 - INFO - HTTP Request: POST https://api.telegram.org/bot7836218242:AAErQTHFy-LiPSTZeAqb2JYk-q6euCZtHRw/deleteWebhook "HTTP/1.1 200 OK"
2025-05-08 09:24:53,013 - INFO - Scheduler started
2025-05-08 09:24:53,013 - INFO - Application started
2025-05-08 09:24:53,188 - INFO - HTTP Request: POST https://api.telegram.org/bot7836218242:AAErQTHFy-LiPSTZeAqb2JYk-q6euCZtHRw/getUpdates "HTTP/1.1 200 OK"
2025-05-08 09:25:03,215 - INFO - HTTP Request: POST https://api.telegram.org/bot7836218242:AAErQTHFy-LiPSTZeAqb2JYk-q6euCZtHRw/getUpdates "HTTP/1.1 200 OK"
2025-05-08 09:25:11,533 - INFO - HTTP Request: POST https://api.telegram.org/bot7836218242:AAErQTHFy-LiPSTZeAqb2JYk-q6euCZtHRw/getUpdates "HTTP/1.1 200 OK"
2025-05-08 09:25:11,534 - INFO - Application is stopping. This might take a moment.
2025-05-08 09:25:11,535 - INFO - Scheduler has been shut down
2025-05-08 09:25:11,545 - INFO - Application.stop() complete
2025-05-08 09:25:14,765 - INFO - Command handlers registered
2025-05-08 09:25:14,765 - INFO - Starting bot polling
2025-05-08 09:25:14,937 - INFO - HTTP Request: POST https://api.telegram.org/bot7836218242:AAErQTHFy-LiPSTZeAqb2JYk-q6euCZtHRw/getMe "HTTP/1.1 200 OK"
2025-05-08 09:25:14,961 - INFO - HTTP Request: POST https://api.telegram.org/bot7836218242:AAErQTHFy-LiPSTZeAqb2JYk-q6euCZtHRw/deleteWebhook "HTTP/1.1 200 OK"
2025-05-08 09:25:14,967 - INFO - Scheduler started
2025-05-08 09:25:14,967 - INFO - Application started
2025-05-08 09:25:25,153 - INFO - HTTP Request: POST https://api.telegram.org/bot7836218242:AAErQTHFy-LiPSTZeAqb2JYk-q6euCZtHRw/getUpdates "HTTP/1.1 200 OK"
2025-05-08 09:25:35,187 - INFO - HTTP Request: POST https://api.telegram.org/bot7836218242:AAErQTHFy-LiPSTZeAqb2JYk-q6euCZtHRw/getUpdates "HTTP/1.1 200 OK"
2025-05-08 09:25:45,211 - INFO - HTTP Request: POST https://api.telegram.org/bot7836218242:AAErQTHFy-LiPSTZeAqb2JYk-q6euCZtHRw/getUpdates "HTTP/1.1 200 OK"
2025-05-08 09:25:55,236 - INFO - HTTP Request: POST https://api.telegram.org/bot7836218242:AAErQTHFy-LiPSTZeAqb2JYk-q6euCZtHRw/getUpdates "HTTP/1.1 200 OK"
2025-05-08 09:26:05,298 - INFO - HTTP Request: POST https://api.telegram.org/bot7836218242:AAErQTHFy-LiPSTZeAqb2JYk-q6euCZtHRw/getUpdates "HTTP/1.1 200 OK"
2025-05-08 09:26:15,339 - INFO - HTTP Request: POST https://api.telegram.org/bot7836218242:AAErQTHFy-LiPSTZeAqb2JYk-q6euCZtHRw/getUpdates "HTTP/1.1 200 OK"
2025-05-08 09:26:25,364 - INFO - HTTP Request: POST https://api.telegram.org/bot7836218242:AAErQTHFy-LiPSTZeAqb2JYk-q6euCZtHRw/getUpdates "HTTP/1.1 200 OK"
2025-05-08 09:26:35,398 - INFO - HTTP Request: POST https://api.telegram.org/bot7836218242:AAErQTHFy-LiPSTZeAqb2JYk-q6euCZtHRw/getUpdates "HTTP/1.1 200 OK"
2025-05-08 09:26:45,429 - INFO - HTTP Request: POST https://api.telegram.org/bot7836218242:AAErQTHFy-LiPSTZeAqb2JYk-q6euCZtHRw/getUpdates "HTTP/1.1 200 OK"
2025-05-08 09:26:55,494 - INFO - HTTP Request: POST https://api.telegram.org/bot7836218242:AAErQTHFy-LiPSTZeAqb2JYk-q6euCZtHRw/getUpdates "HTTP/1.1 200 OK"
2025-05-08 09:27:05,525 - INFO - HTTP Request: POST https://api.telegram.org/bot7836218242:AAErQTHFy-LiPSTZeAqb2JYk-q6euCZtHRw/getUpdates "HTTP/1.1 200 OK"
2025-05-08 09:27:15,554 - INFO - HTTP Request: POST https://api.telegram.org/bot7836218242:AAErQTHFy-LiPSTZeAqb2JYk-q6euCZtHRw/getUpdates "HTTP/1.1 200 OK"
2025-05-08 09:27:25,581 - INFO - HTTP Request: POST https://api.telegram.org/bot7836218242:AAErQTHFy-LiPSTZeAqb2JYk-q6euCZtHRw/getUpdates "HTTP/1.1 200 OK"
2025-05-08 09:27:35,639 - INFO - HTTP Request: POST https://api.telegram.org/bot7836218242:AAErQTHFy-LiPSTZeAqb2JYk-q6euCZtHRw/getUpdates "HTTP/1.1 200 OK"
2025-05-08 09:27:45,666 - INFO - HTTP Request: POST https://api.telegram.org/bot7836218242:AAErQTHFy-LiPSTZeAqb2JYk-q6euCZtHRw/getUpdates "HTTP/1.1 200 OK"
2025-05-08 09:27:55,691 - INFO - HTTP Request: POST https://api.telegram.org/bot7836218242:AAErQTHFy-LiPSTZeAqb2JYk-q6euCZtHRw/getUpdates "HTTP/1.1 200 OK"
2025-05-08 09:28:05,745 - INFO - HTTP Request: POST https://api.telegram.org/bot7836218242:AAErQTHFy-LiPSTZeAqb2JYk-q6euCZtHRw/getUpdates "HTTP/1.1 200 OK"
2025-05-08 09:28:15,767 - INFO - HTTP Request: POST https://api.telegram.org/bot7836218242:AAErQTHFy-LiPSTZeAqb2JYk-q6euCZtHRw/getUpdates "HTTP/1.1 200 OK"
2025-05-08 09:28:25,791 - INFO - HTTP Request: POST https://api.telegram.org/bot7836218242:AAErQTHFy-LiPSTZeAqb2JYk-q6euCZtHRw/getUpdates "HTTP/1.1 200 OK"
2025-05-08 09:28:35,814 - INFO - HTTP Request: POST https://api.telegram.org/bot7836218242:AAErQTHFy-LiPSTZeAqb2JYk-q6euCZtHRw/getUpdates "HTTP/1.1 200 OK"
2025-05-08 09:28:45,838 - INFO - HTTP Request: POST https://api.telegram.org/bot7836218242:AAErQTHFy-LiPSTZeAqb2JYk-q6euCZtHRw/getUpdates "HTTP/1.1 200 OK"
2025-05-08 09:28:55,863 - INFO - HTTP Request: POST https://api.telegram.org/bot7836218242:AAErQTHFy-LiPSTZeAqb2JYk-q6euCZtHRw/getUpdates "HTTP/1.1 200 OK"
2025-05-08 09:29:05,898 - INFO - HTTP Request: POST https://api.telegram.org/bot7836218242:AAErQTHFy-LiPSTZeAqb2JYk-q6euCZtHRw/getUpdates "HTTP/1.1 200 OK"
2025-05-08 09:29:15,927 - INFO - HTTP Request: POST https://api.telegram.org/bot7836218242:AAErQTHFy-LiPSTZeAqb2JYk-q6euCZtHRw/getUpdates "HTTP/1.1 200 OK"
2025-05-08 09:29:25,955 - INFO - HTTP Request: POST https://api.telegram.org/bot7836218242:AAErQTHFy-LiPSTZeAqb2JYk-q6euCZtHRw/getUpdates "HTTP/1.1 200 OK"
2025-05-08 09:29:35,982 - INFO - HTTP Request: POST https://api.telegram.org/bot7836218242:AAErQTHFy-LiPSTZeAqb2JYk-q6euCZtHRw/getUpdates "HTTP/1.1 200 OK"
2025-05-08 09:29:46,005 - INFO - HTTP Request: POST https://api.telegram.org/bot7836218242:AAErQTHFy-LiPSTZeAqb2JYk-q6euCZtHRw/getUpdates "HTTP/1.1 200 OK"
2025-05-08 09:29:56,030 - INFO - HTTP Request: POST https://api.telegram.org/bot7836218242:AAErQTHFy-LiPSTZeAqb2JYk-q6euCZtHRw/getUpdates "HTTP/1.1 200 OK"
2025-05-08 09:30:06,054 - INFO - HTTP Request: POST https://api.telegram.org/bot7836218242:AAErQTHFy-LiPSTZeAqb2JYk-q6euCZtHRw/getUpdates "HTTP/1.1 200 OK"
2025-05-08 09:30:16,088 - INFO - HTTP Request: POST https://api.telegram.org/bot7836218242:AAErQTHFy-LiPSTZeAqb2JYk-q6euCZtHRw/getUpdates "HTTP/1.1 200 OK"
2025-05-08 09:30:26,114 - INFO - HTTP Request: POST https://api.telegram.org/bot7836218242:AAErQTHFy-LiPSTZeAqb2JYk-q6euCZtHRw/getUpdates "HTTP/1.1 200 OK"
2025-05-08 09:30:36,146 - INFO - HTTP Request: POST https://api.telegram.org/bot7836218242:AAErQTHFy-LiPSTZeAqb2JYk-q6euCZtHRw/getUpdates "HTTP/1.1 200 OK"
2025-05-08 09:30:46,179 - INFO - HTTP Request: POST https://api.telegram.org/bot7836218242:AAErQTHFy-LiPSTZeAqb2JYk-q6euCZtHRw/getUpdates "HTTP/1.1 200 OK"
2025-05-08 09:30:56,206 - INFO - HTTP Request: POST https://api.telegram.org/bot7836218242:AAErQTHFy-LiPSTZeAqb2JYk-q6euCZtHRw/getUpdates "HTTP/1.1 200 OK"
2025-05-08 09:31:06,236 - INFO - HTTP Request: POST https://api.telegram.org/bot7836218242:AAErQTHFy-LiPSTZeAqb2JYk-q6euCZtHRw/getUpdates "HTTP/1.1 200 OK"
2025-05-08 09:31:16,267 - INFO - HTTP Request: POST https://api.telegram.org/bot7836218242:AAErQTHFy-LiPSTZeAqb2JYk-q6euCZtHRw/getUpdates "HTTP/1.1 200 OK"
2025-05-08 09:31:26,293 - INFO - HTTP Request: POST https://api.telegram.org/bot7836218242:AAErQTHFy-LiPSTZeAqb2JYk-q6euCZtHRw/getUpdates "HTTP/1.1 200 OK"
2025-05-08 09:31:36,322 - INFO - HTTP Request: POST https://api.telegram.org/bot7836218242:AAErQTHFy-LiPSTZeAqb2JYk-q6euCZtHRw/getUpdates "HTTP/1.1 200 OK"
2025-05-08 09:31:46,357 - INFO - HTTP Request: POST https://api.telegram.org/bot7836218242:AAErQTHFy-LiPSTZeAqb2JYk-q6euCZtHRw/getUpdates "HTTP/1.1 200 OK"
2025-05-08 09:31:56,383 - INFO - HTTP Request: POST https://api.telegram.org/bot7836218242:AAErQTHFy-LiPSTZeAqb2JYk-q6euCZtHRw/getUpdates "HTTP/1.1 200 OK"
2025-05-08 09:32:06,409 - INFO - HTTP Request: POST https://api.telegram.org/bot7836218242:AAErQTHFy-LiPSTZeAqb2JYk-q6euCZtHRw/getUpdates "HTTP/1.1 200 OK"
2025-05-08 09:32:16,433 - INFO - HTTP Request: POST https://api.telegram.org/bot7836218242:AAErQTHFy-LiPSTZeAqb2JYk-q6euCZtHRw/getUpdates "HTTP/1.1 200 OK"
2025-05-08 09:32:26,465 - INFO - HTTP Request: POST https://api.telegram.org/bot7836218242:AAErQTHFy-LiPSTZeAqb2JYk-q6euCZtHRw/getUpdates "HTTP/1.1 200 OK"
2025-05-08 09:32:36,490 - INFO - HTTP Request: POST https://api.telegram.org/bot7836218242:AAErQTHFy-LiPSTZeAqb2JYk-q6euCZtHRw/getUpdates "HTTP/1.1 200 OK"
2025-05-08 09:32:46,517 - INFO - HTTP Request: POST https://api.telegram.org/bot7836218242:AAErQTHFy-LiPSTZeAqb2JYk-q6euCZtHRw/getUpdates "HTTP/1.1 200 OK"
2025-05-08 09:32:56,544 - INFO - HTTP Request: POST https://api.telegram.org/bot7836218242:AAErQTHFy-LiPSTZeAqb2JYk-q6euCZtHRw/getUpdates "HTTP/1.1 200 OK"
2025-05-08 09:33:06,577 - INFO - HTTP Request: POST https://api.telegram.org/bot7836218242:AAErQTHFy-LiPSTZeAqb2JYk-q6euCZtHRw/getUpdates "HTTP/1.1 200 OK"
2025-05-08 09:33:16,603 - INFO - HTTP Request: POST https://api.telegram.org/bot7836218242:AAErQTHFy-LiPSTZeAqb2JYk-q6euCZtHRw/getUpdates "HTTP/1.1 200 OK"
2025-05-08 09:33:26,650 - INFO - HTTP Request: POST https://api.telegram.org/bot7836218242:AAErQTHFy-LiPSTZeAqb2JYk-q6euCZtHRw/getUpdates "HTTP/1.1 200 OK"
2025-05-08 09:33:36,676 - INFO - HTTP Request: POST https://api.telegram.org/bot7836218242:AAErQTHFy-LiPSTZeAqb2JYk-q6euCZtHRw/getUpdates "HTTP/1.1 200 OK"
2025-05-08 09:33:46,699 - INFO - HTTP Request: POST https://api.telegram.org/bot7836218242:AAErQTHFy-LiPSTZeAqb2JYk-q6euCZtHRw/getUpdates "HTTP/1.1 200 OK"
2025-05-08 09:33:56,724 - INFO - HTTP Request: POST https://api.telegram.org/bot7836218242:AAErQTHFy-LiPSTZeAqb2JYk-q6euCZtHRw/getUpdates "HTTP/1.1 200 OK"
2025-05-08 09:34:06,749 - INFO - HTTP Request: POST https://api.telegram.org/bot7836218242:AAErQTHFy-LiPSTZeAqb2JYk-q6euCZtHRw/getUpdates "HTTP/1.1 200 OK"
2025-05-08 09:34:16,773 - INFO - HTTP Request: POST https://api.telegram.org/bot7836218242:AAErQTHFy-LiPSTZeAqb2JYk-q6euCZtHRw/getUpdates "HTTP/1.1 200 OK"
2025-05-08 09:34:26,799 - INFO - HTTP Request: POST https://api.telegram.org/bot7836218242:AAErQTHFy-LiPSTZeAqb2JYk-q6euCZtHRw/getUpdates "HTTP/1.1 200 OK"
2025-05-08 09:34:36,834 - INFO - HTTP Request: POST https://api.telegram.org/bot7836218242:AAErQTHFy-LiPSTZeAqb2JYk-q6euCZtHRw/getUpdates "HTTP/1.1 200 OK"
2025-05-08 09:34:46,860 - INFO - HTTP Request: POST https://api.telegram.org/bot7836218242:AAErQTHFy-LiPSTZeAqb2JYk-q6euCZtHRw/getUpdates "HTTP/1.1 200 OK"
2025-05-08 09:34:56,908 - INFO - HTTP Request: POST https://api.telegram.org/bot7836218242:AAErQTHFy-LiPSTZeAqb2JYk-q6euCZtHRw/getUpdates "HTTP/1.1 200 OK"
2025-05-08 09:35:06,933 - INFO - HTTP Request: POST https://api.telegram.org/bot7836218242:AAErQTHFy-LiPSTZeAqb2JYk-q6euCZtHRw/getUpdates "HTTP/1.1 200 OK"
2025-05-08 09:35:16,976 - INFO - HTTP Request: POST https://api.telegram.org/bot7836218242:AAErQTHFy-LiPSTZeAqb2JYk-q6euCZtHRw/getUpdates "HTTP/1.1 200 OK"
2025-05-08 09:35:27,006 - INFO - HTTP Request: POST https://api.telegram.org/bot7836218242:AAErQTHFy-LiPSTZeAqb2JYk-q6euCZtHRw/getUpdates "HTTP/1.1 200 OK"
2025-05-08 09:35:37,030 - INFO - HTTP Request: POST https://api.telegram.org/bot7836218242:AAErQTHFy-LiPSTZeAqb2JYk-q6euCZtHRw/getUpdates "HTTP/1.1 200 OK"
2025-05-08 09:35:47,057 - INFO - HTTP Request: POST https://api.telegram.org/bot7836218242:AAErQTHFy-LiPSTZeAqb2JYk-q6euCZtHRw/getUpdates "HTTP/1.1 200 OK"
2025-05-08 09:35:47,774 - INFO - HTTP Request: POST https://api.telegram.org/bot7836218242:AAErQTHFy-LiPSTZeAqb2JYk-q6euCZtHRw/getUpdates "HTTP/1.1 200 OK"
2025-05-08 09:35:48,075 - INFO - HTTP Request: POST https://api.telegram.org/bot7836218242:AAErQTHFy-LiPSTZeAqb2JYk-q6euCZtHRw/sendMessage "HTTP/1.1 200 OK"
2025-05-08 09:35:48,078 - INFO - Sent message to -1002593119445: ❌ Invalid time format. Use YYYY-MM-DD HH:MM or MM-DD HH:MM
2025-05-08 09:35:57,812 - INFO - HTTP Request: POST https://api.telegram.org/bot7836218242:AAErQTHFy-LiPSTZeAqb2JYk-q6euCZtHRw/getUpdates "HTTP/1.1 200 OK"
2025-05-08 09:36:07,964 - INFO - HTTP Request: POST https://api.telegram.org/bot7836218242:AAErQTHFy-LiPSTZeAqb2JYk-q6euCZtHRw/getUpdates "HTTP/1.1 200 OK"
2025-05-08 09:36:17,226 - INFO - HTTP Request: POST https://api.telegram.org/bot7836218242:AAErQTHFy-LiPSTZeAqb2JYk-q6euCZtHRw/getUpdates "HTTP/1.1 200 OK"
2025-05-08 09:36:17,229 - INFO - Added event: {'id': 1, 'message': 'Fix bike', 'time': 'todo', 'type': 'todo', 'active': True, 'chat_id': '-1002593119445'}
2025-05-08 09:36:17,422 - INFO - HTTP Request: POST https://api.telegram.org/bot7836218242:AAErQTHFy-LiPSTZeAqb2JYk-q6euCZtHRw/sendMessage "HTTP/1.1 200 OK"
2025-05-08 09:36:17,425 - INFO - Sent message to -1002593119445: ✅ Added todo: Fix bike (todo)
2025-05-08 09:36:27,254 - INFO - HTTP Request: POST https://api.telegram.org/bot7836218242:AAErQTHFy-LiPSTZeAqb2JYk-q6euCZtHRw/getUpdates "HTTP/1.1 200 OK"
2025-05-08 09:36:37,275 - INFO - HTTP Request: POST https://api.telegram.org/bot7836218242:AAErQTHFy-LiPSTZeAqb2JYk-q6euCZtHRw/getUpdates "HTTP/1.1 200 OK"
2025-05-08 09:36:47,296 - INFO - HTTP Request: POST https://api.telegram.org/bot7836218242:AAErQTHFy-LiPSTZeAqb2JYk-q6euCZtHRw/getUpdates "HTTP/1.1 200 OK"
2025-05-08 09:36:57,322 - INFO - HTTP Request: POST https://api.telegram.org/bot7836218242:AAErQTHFy-LiPSTZeAqb2JYk-q6euCZtHRw/getUpdates "HTTP/1.1 200 OK"
2025-05-08 09:37:06,274 - INFO - HTTP Request: POST https://api.telegram.org/bot7836218242:AAErQTHFy-LiPSTZeAqb2JYk-q6euCZtHRw/getUpdates "HTTP/1.1 200 OK"
2025-05-08 09:37:06,276 - INFO - Marked to-do as done: Fix bike
2025-05-08 09:37:06,496 - INFO - HTTP Request: POST https://api.telegram.org/bot7836218242:AAErQTHFy-LiPSTZeAqb2JYk-q6euCZtHRw/sendMessage "HTTP/1.1 200 OK"
2025-05-08 09:37:06,497 - INFO - Sent message to -1002593119445: ✅ To-do completed: Fix bike
2025-05-08 09:37:16,305 - INFO - HTTP Request: POST https://api.telegram.org/bot7836218242:AAErQTHFy-LiPSTZeAqb2JYk-q6euCZtHRw/getUpdates "HTTP/1.1 200 OK"
2025-05-08 09:37:24,317 - INFO - HTTP Request: POST https://api.telegram.org/bot7836218242:AAErQTHFy-LiPSTZeAqb2JYk-q6euCZtHRw/getUpdates "HTTP/1.1 200 OK"
2025-05-08 09:37:24,615 - INFO - HTTP Request: POST https://api.telegram.org/bot7836218242:AAErQTHFy-LiPSTZeAqb2JYk-q6euCZtHRw/sendMessage "HTTP/1.1 200 OK"
2025-05-08 09:37:24,619 - INFO - Sent message to -1002593119445: 📋 Active Events and To-Dos:

2025-05-08 09:37:34,348 - INFO - HTTP Request: POST https://api.telegram.org/bot7836218242:AAErQTHFy-LiPSTZeAqb2JYk-q6euCZtHRw/getUpdates "HTTP/1.1 200 OK"
2025-05-08 09:37:35,087 - INFO - HTTP Request: POST https://api.telegram.org/bot7836218242:AAErQTHFy-LiPSTZeAqb2JYk-q6euCZtHRw/getUpdates "HTTP/1.1 200 OK"
2025-05-08 09:37:35,321 - INFO - HTTP Request: POST https://api.telegram.org/bot7836218242:AAErQTHFy-LiPSTZeAqb2JYk-q6euCZtHRw/sendMessage "HTTP/1.1 200 OK"
2025-05-08 09:37:35,324 - INFO - Sent message to -1002593119445: ❌ Invalid time format. Use YYYY-MM-DD HH:MM or MM-DD HH:MM
2025-05-08 09:37:40,906 - INFO - HTTP Request: POST https://api.telegram.org/bot7836218242:AAErQTHFy-LiPSTZeAqb2JYk-q6euCZtHRw/getUpdates "HTTP/1.1 200 OK"
2025-05-08 09:37:40,909 - INFO - Added event: {'id': 2, 'message': 'Fix bike', 'time': 'todo', 'type': 'todo', 'active': True, 'chat_id': '-1002593119445'}
2025-05-08 09:37:40,909 - ERROR - No error handlers are registered, logging exception.
Traceback (most recent call last):
  File "/home/sgiani/.local/lib/python3.8/site-packages/telegram/ext/_application.py", line 1335, in process_update
    await coroutine
  File "/home/sgiani/.local/lib/python3.8/site-packages/telegram/ext/_handlers/basehandler.py", line 158, in handle_update
    return await self.callback(update, context)
  File "/home/sgiani/repos/reminder/telegram_interface.py", line 74, in todo_command
    await send_message(update, context, response)
  File "/home/sgiani/repos/reminder/telegram_interface.py", line 26, in send_message
    await update.message.reply_text(formatted_message)
AttributeError: 'NoneType' object has no attribute 'reply_text'
2025-05-08 09:37:50,948 - INFO - HTTP Request: POST https://api.telegram.org/bot7836218242:AAErQTHFy-LiPSTZeAqb2JYk-q6euCZtHRw/getUpdates "HTTP/1.1 200 OK"
2025-05-08 09:37:54,822 - INFO - HTTP Request: POST https://api.telegram.org/bot7836218242:AAErQTHFy-LiPSTZeAqb2JYk-q6euCZtHRw/getUpdates "HTTP/1.1 200 OK"
2025-05-08 09:37:54,824 - INFO - Added event: {'id': 3, 'message': 'Fix bikee', 'time': 'todo', 'type': 'todo', 'active': True, 'chat_id': '-1002593119445'}
2025-05-08 09:37:54,824 - ERROR - No error handlers are registered, logging exception.
Traceback (most recent call last):
  File "/home/sgiani/.local/lib/python3.8/site-packages/telegram/ext/_application.py", line 1335, in process_update
    await coroutine
  File "/home/sgiani/.local/lib/python3.8/site-packages/telegram/ext/_handlers/basehandler.py", line 158, in handle_update
    return await self.callback(update, context)
  File "/home/sgiani/repos/reminder/telegram_interface.py", line 74, in todo_command
    await send_message(update, context, response)
  File "/home/sgiani/repos/reminder/telegram_interface.py", line 26, in send_message
    await update.message.reply_text(formatted_message)
AttributeError: 'NoneType' object has no attribute 'reply_text'
2025-05-08 09:38:04,170 - INFO - HTTP Request: POST https://api.telegram.org/bot7836218242:AAErQTHFy-LiPSTZeAqb2JYk-q6euCZtHRw/getUpdates "HTTP/1.1 200 OK"
2025-05-08 09:38:04,372 - INFO - HTTP Request: POST https://api.telegram.org/bot7836218242:AAErQTHFy-LiPSTZeAqb2JYk-q6euCZtHRw/sendMessage "HTTP/1.1 200 OK"
2025-05-08 09:38:04,375 - INFO - Sent message to -1002593119445: ❌ To-do already exists: Fix bike
2025-05-08 09:38:14,197 - INFO - HTTP Request: POST https://api.telegram.org/bot7836218242:AAErQTHFy-LiPSTZeAqb2JYk-q6euCZtHRw/getUpdates "HTTP/1.1 200 OK"
2025-05-08 09:38:16,045 - INFO - HTTP Request: POST https://api.telegram.org/bot7836218242:AAErQTHFy-LiPSTZeAqb2JYk-q6euCZtHRw/getUpdates "HTTP/1.1 200 OK"
2025-05-08 09:38:16,049 - ERROR - No error handlers are registered, logging exception.
Traceback (most recent call last):
  File "/home/sgiani/.local/lib/python3.8/site-packages/telegram/ext/_application.py", line 1335, in process_update
    await coroutine
  File "/home/sgiani/.local/lib/python3.8/site-packages/telegram/ext/_handlers/basehandler.py", line 158, in handle_update
    return await self.callback(update, context)
  File "/home/sgiani/repos/reminder/telegram_interface.py", line 58, in todo_command
    await send_message(update, context, f"❌ To-do already exists: {message}")
  File "/home/sgiani/repos/reminder/telegram_interface.py", line 26, in send_message
    await update.message.reply_text(formatted_message)
AttributeError: 'NoneType' object has no attribute 'reply_text'
2025-05-08 09:38:22,570 - INFO - HTTP Request: POST https://api.telegram.org/bot7836218242:AAErQTHFy-LiPSTZeAqb2JYk-q6euCZtHRw/getUpdates "HTTP/1.1 200 OK"
2025-05-08 09:38:22,572 - INFO - Added event: {'id': 4, 'message': 'Fix bikeke', 'time': 'todo', 'type': 'todo', 'active': True, 'chat_id': '-1002593119445'}
2025-05-08 09:38:22,573 - ERROR - No error handlers are registered, logging exception.
Traceback (most recent call last):
  File "/home/sgiani/.local/lib/python3.8/site-packages/telegram/ext/_application.py", line 1335, in process_update
    await coroutine
  File "/home/sgiani/.local/lib/python3.8/site-packages/telegram/ext/_handlers/basehandler.py", line 158, in handle_update
    return await self.callback(update, context)
  File "/home/sgiani/repos/reminder/telegram_interface.py", line 74, in todo_command
    await send_message(update, context, response)
  File "/home/sgiani/repos/reminder/telegram_interface.py", line 26, in send_message
    await update.message.reply_text(formatted_message)
AttributeError: 'NoneType' object has no attribute 'reply_text'
2025-05-08 09:38:32,599 - INFO - HTTP Request: POST https://api.telegram.org/bot7836218242:AAErQTHFy-LiPSTZeAqb2JYk-q6euCZtHRw/getUpdates "HTTP/1.1 200 OK"
2025-05-08 09:38:33,677 - INFO - HTTP Request: POST https://api.telegram.org/bot7836218242:AAErQTHFy-LiPSTZeAqb2JYk-q6euCZtHRw/getUpdates "HTTP/1.1 200 OK"
2025-05-08 09:38:33,681 - INFO - Added event: {'id': 5, 'message': 'XXX', 'time': 'todo', 'type': 'todo', 'active': True, 'chat_id': '-1002593119445'}
2025-05-08 09:38:33,905 - INFO - HTTP Request: POST https://api.telegram.org/bot7836218242:AAErQTHFy-LiPSTZeAqb2JYk-q6euCZtHRw/sendMessage "HTTP/1.1 200 OK"
2025-05-08 09:38:33,909 - INFO - Sent message to -1002593119445: ✅ Added todo: XXX (todo)
2025-05-08 09:38:38,865 - INFO - HTTP Request: POST https://api.telegram.org/bot7836218242:AAErQTHFy-LiPSTZeAqb2JYk-q6euCZtHRw/getUpdates "HTTP/1.1 200 OK"
2025-05-08 09:38:38,959 - INFO - HTTP Request: POST https://api.telegram.org/bot7836218242:AAErQTHFy-LiPSTZeAqb2JYk-q6euCZtHRw/sendMessage "HTTP/1.1 200 OK"
2025-05-08 09:38:38,961 - INFO - Sent message to -1002593119445: 📋 Active Events and To-Dos:
- To-Do: Fix bike (todo)
- To-Do: Fix bikee (todo)
- To-Do: Fix bikeke (todo)
- To-Do: XXX (todo)

2025-05-08 09:38:48,893 - INFO - HTTP Request: POST https://api.telegram.org/bot7836218242:AAErQTHFy-LiPSTZeAqb2JYk-q6euCZtHRw/getUpdates "HTTP/1.1 200 OK"
2025-05-08 09:38:58,919 - INFO - HTTP Request: POST https://api.telegram.org/bot7836218242:AAErQTHFy-LiPSTZeAqb2JYk-q6euCZtHRw/getUpdates "HTTP/1.1 200 OK"
2025-05-08 09:39:08,944 - INFO - HTTP Request: POST https://api.telegram.org/bot7836218242:AAErQTHFy-LiPSTZeAqb2JYk-q6euCZtHRw/getUpdates "HTTP/1.1 200 OK"
2025-05-08 09:39:18,975 - INFO - HTTP Request: POST https://api.telegram.org/bot7836218242:AAErQTHFy-LiPSTZeAqb2JYk-q6euCZtHRw/getUpdates "HTTP/1.1 200 OK"
2025-05-08 09:39:29,008 - INFO - HTTP Request: POST https://api.telegram.org/bot7836218242:AAErQTHFy-LiPSTZeAqb2JYk-q6euCZtHRw/getUpdates "HTTP/1.1 200 OK"
2025-05-08 09:39:39,053 - INFO - HTTP Request: POST https://api.telegram.org/bot7836218242:AAErQTHFy-LiPSTZeAqb2JYk-q6euCZtHRw/getUpdates "HTTP/1.1 200 OK"
2025-05-08 09:39:49,076 - INFO - HTTP Request: POST https://api.telegram.org/bot7836218242:AAErQTHFy-LiPSTZeAqb2JYk-q6euCZtHRw/getUpdates "HTTP/1.1 200 OK"
2025-05-08 09:39:59,100 - INFO - HTTP Request: POST https://api.telegram.org/bot7836218242:AAErQTHFy-LiPSTZeAqb2JYk-q6euCZtHRw/getUpdates "HTTP/1.1 200 OK"
2025-05-08 09:40:09,124 - INFO - HTTP Request: POST https://api.telegram.org/bot7836218242:AAErQTHFy-LiPSTZeAqb2JYk-q6euCZtHRw/getUpdates "HTTP/1.1 200 OK"
2025-05-08 09:40:19,148 - INFO - HTTP Request: POST https://api.telegram.org/bot7836218242:AAErQTHFy-LiPSTZeAqb2JYk-q6euCZtHRw/getUpdates "HTTP/1.1 200 OK"
2025-05-08 09:40:29,172 - INFO - HTTP Request: POST https://api.telegram.org/bot7836218242:AAErQTHFy-LiPSTZeAqb2JYk-q6euCZtHRw/getUpdates "HTTP/1.1 200 OK"
2025-05-08 09:40:39,202 - INFO - HTTP Request: POST https://api.telegram.org/bot7836218242:AAErQTHFy-LiPSTZeAqb2JYk-q6euCZtHRw/getUpdates "HTTP/1.1 200 OK"
2025-05-08 09:40:49,227 - INFO - HTTP Request: POST https://api.telegram.org/bot7836218242:AAErQTHFy-LiPSTZeAqb2JYk-q6euCZtHRw/getUpdates "HTTP/1.1 200 OK"
2025-05-08 09:40:59,265 - INFO - HTTP Request: POST https://api.telegram.org/bot7836218242:AAErQTHFy-LiPSTZeAqb2JYk-q6euCZtHRw/getUpdates "HTTP/1.1 200 OK"
2025-05-08 09:41:09,584 - INFO - HTTP Request: POST https://api.telegram.org/bot7836218242:AAErQTHFy-LiPSTZeAqb2JYk-q6euCZtHRw/getUpdates "HTTP/1.1 200 OK"
2025-05-08 09:41:19,608 - INFO - HTTP Request: POST https://api.telegram.org/bot7836218242:AAErQTHFy-LiPSTZeAqb2JYk-q6euCZtHRw/getUpdates "HTTP/1.1 200 OK"
2025-05-08 09:41:29,628 - INFO - HTTP Request: POST https://api.telegram.org/bot7836218242:AAErQTHFy-LiPSTZeAqb2JYk-q6euCZtHRw/getUpdates "HTTP/1.1 200 OK"
2025-05-08 09:41:39,651 - INFO - HTTP Request: POST https://api.telegram.org/bot7836218242:AAErQTHFy-LiPSTZeAqb2JYk-q6euCZtHRw/getUpdates "HTTP/1.1 200 OK"
2025-05-08 09:41:49,674 - INFO - HTTP Request: POST https://api.telegram.org/bot7836218242:AAErQTHFy-LiPSTZeAqb2JYk-q6euCZtHRw/getUpdates "HTTP/1.1 200 OK"
2025-05-08 09:41:59,697 - INFO - HTTP Request: POST https://api.telegram.org/bot7836218242:AAErQTHFy-LiPSTZeAqb2JYk-q6euCZtHRw/getUpdates "HTTP/1.1 200 OK"
2025-05-08 09:42:09,723 - INFO - HTTP Request: POST https://api.telegram.org/bot7836218242:AAErQTHFy-LiPSTZeAqb2JYk-q6euCZtHRw/getUpdates "HTTP/1.1 200 OK"
2025-05-08 09:42:19,748 - INFO - HTTP Request: POST https://api.telegram.org/bot7836218242:AAErQTHFy-LiPSTZeAqb2JYk-q6euCZtHRw/getUpdates "HTTP/1.1 200 OK"
2025-05-08 09:42:29,771 - INFO - HTTP Request: POST https://api.telegram.org/bot7836218242:AAErQTHFy-LiPSTZeAqb2JYk-q6euCZtHRw/getUpdates "HTTP/1.1 200 OK"
2025-05-08 09:42:39,796 - INFO - HTTP Request: POST https://api.telegram.org/bot7836218242:AAErQTHFy-LiPSTZeAqb2JYk-q6euCZtHRw/getUpdates "HTTP/1.1 200 OK"
2025-05-08 09:42:49,824 - INFO - HTTP Request: POST https://api.telegram.org/bot7836218242:AAErQTHFy-LiPSTZeAqb2JYk-q6euCZtHRw/getUpdates "HTTP/1.1 200 OK"
2025-05-08 09:42:59,846 - INFO - HTTP Request: POST https://api.telegram.org/bot7836218242:AAErQTHFy-LiPSTZeAqb2JYk-q6euCZtHRw/getUpdates "HTTP/1.1 200 OK"
2025-05-08 09:43:09,869 - INFO - HTTP Request: POST https://api.telegram.org/bot7836218242:AAErQTHFy-LiPSTZeAqb2JYk-q6euCZtHRw/getUpdates "HTTP/1.1 200 OK"
2025-05-08 09:43:19,893 - INFO - HTTP Request: POST https://api.telegram.org/bot7836218242:AAErQTHFy-LiPSTZeAqb2JYk-q6euCZtHRw/getUpdates "HTTP/1.1 200 OK"
2025-05-08 09:43:29,915 - INFO - HTTP Request: POST https://api.telegram.org/bot7836218242:AAErQTHFy-LiPSTZeAqb2JYk-q6euCZtHRw/getUpdates "HTTP/1.1 200 OK"
2025-05-08 09:43:39,938 - INFO - HTTP Request: POST https://api.telegram.org/bot7836218242:AAErQTHFy-LiPSTZeAqb2JYk-q6euCZtHRw/getUpdates "HTTP/1.1 200 OK"
2025-05-08 09:43:49,971 - INFO - HTTP Request: POST https://api.telegram.org/bot7836218242:AAErQTHFy-LiPSTZeAqb2JYk-q6euCZtHRw/getUpdates "HTTP/1.1 200 OK"
2025-05-08 09:43:59,993 - INFO - HTTP Request: POST https://api.telegram.org/bot7836218242:AAErQTHFy-LiPSTZeAqb2JYk-q6euCZtHRw/getUpdates "HTTP/1.1 200 OK"
2025-05-08 09:44:10,016 - INFO - HTTP Request: POST https://api.telegram.org/bot7836218242:AAErQTHFy-LiPSTZeAqb2JYk-q6euCZtHRw/getUpdates "HTTP/1.1 200 OK"
2025-05-08 09:44:20,041 - INFO - HTTP Request: POST https://api.telegram.org/bot7836218242:AAErQTHFy-LiPSTZeAqb2JYk-q6euCZtHRw/getUpdates "HTTP/1.1 200 OK"
2025-05-08 09:44:30,067 - INFO - HTTP Request: POST https://api.telegram.org/bot7836218242:AAErQTHFy-LiPSTZeAqb2JYk-q6euCZtHRw/getUpdates "HTTP/1.1 200 OK"
2025-05-08 09:44:40,089 - INFO - HTTP Request: POST https://api.telegram.org/bot7836218242:AAErQTHFy-LiPSTZeAqb2JYk-q6euCZtHRw/getUpdates "HTTP/1.1 200 OK"
2025-05-08 09:44:50,118 - INFO - HTTP Request: POST https://api.telegram.org/bot7836218242:AAErQTHFy-LiPSTZeAqb2JYk-q6euCZtHRw/getUpdates "HTTP/1.1 200 OK"
2025-05-08 09:45:00,158 - INFO - HTTP Request: POST https://api.telegram.org/bot7836218242:AAErQTHFy-LiPSTZeAqb2JYk-q6euCZtHRw/getUpdates "HTTP/1.1 200 OK"
2025-05-08 09:45:10,183 - INFO - HTTP Request: POST https://api.telegram.org/bot7836218242:AAErQTHFy-LiPSTZeAqb2JYk-q6euCZtHRw/getUpdates "HTTP/1.1 200 OK"
2025-05-08 09:45:20,246 - INFO - HTTP Request: POST https://api.telegram.org/bot7836218242:AAErQTHFy-LiPSTZeAqb2JYk-q6euCZtHRw/getUpdates "HTTP/1.1 200 OK"
2025-05-08 09:45:30,296 - INFO - HTTP Request: POST https://api.telegram.org/bot7836218242:AAErQTHFy-LiPSTZeAqb2JYk-q6euCZtHRw/getUpdates "HTTP/1.1 200 OK"
2025-05-08 09:45:40,401 - INFO - HTTP Request: POST https://api.telegram.org/bot7836218242:AAErQTHFy-LiPSTZeAqb2JYk-q6euCZtHRw/getUpdates "HTTP/1.1 200 OK"
2025-05-08 09:45:50,450 - INFO - HTTP Request: POST https://api.telegram.org/bot7836218242:AAErQTHFy-LiPSTZeAqb2JYk-q6euCZtHRw/getUpdates "HTTP/1.1 200 OK"
2025-05-08 09:46:00,497 - INFO - HTTP Request: POST https://api.telegram.org/bot7836218242:AAErQTHFy-LiPSTZeAqb2JYk-q6euCZtHRw/getUpdates "HTTP/1.1 200 OK"
2025-05-08 09:46:10,551 - INFO - HTTP Request: POST https://api.telegram.org/bot7836218242:AAErQTHFy-LiPSTZeAqb2JYk-q6euCZtHRw/getUpdates "HTTP/1.1 200 OK"
2025-05-08 09:46:20,601 - INFO - HTTP Request: POST https://api.telegram.org/bot7836218242:AAErQTHFy-LiPSTZeAqb2JYk-q6euCZtHRw/getUpdates "HTTP/1.1 200 OK"
2025-05-08 09:46:30,625 - INFO - HTTP Request: POST https://api.telegram.org/bot7836218242:AAErQTHFy-LiPSTZeAqb2JYk-q6euCZtHRw/getUpdates "HTTP/1.1 200 OK"
2025-05-08 09:46:40,664 - INFO - HTTP Request: POST https://api.telegram.org/bot7836218242:AAErQTHFy-LiPSTZeAqb2JYk-q6euCZtHRw/getUpdates "HTTP/1.1 200 OK"
2025-05-08 09:46:50,689 - INFO - HTTP Request: POST https://api.telegram.org/bot7836218242:AAErQTHFy-LiPSTZeAqb2JYk-q6euCZtHRw/getUpdates "HTTP/1.1 200 OK"
2025-05-08 09:47:00,711 - INFO - HTTP Request: POST https://api.telegram.org/bot7836218242:AAErQTHFy-LiPSTZeAqb2JYk-q6euCZtHRw/getUpdates "HTTP/1.1 200 OK"
2025-05-08 09:47:10,735 - INFO - HTTP Request: POST https://api.telegram.org/bot7836218242:AAErQTHFy-LiPSTZeAqb2JYk-q6euCZtHRw/getUpdates "HTTP/1.1 200 OK"
2025-05-08 09:47:20,769 - INFO - HTTP Request: POST https://api.telegram.org/bot7836218242:AAErQTHFy-LiPSTZeAqb2JYk-q6euCZtHRw/getUpdates "HTTP/1.1 200 OK"
2025-05-08 09:47:30,795 - INFO - HTTP Request: POST https://api.telegram.org/bot7836218242:AAErQTHFy-LiPSTZeAqb2JYk-q6euCZtHRw/getUpdates "HTTP/1.1 200 OK"
2025-05-08 09:47:40,818 - INFO - HTTP Request: POST https://api.telegram.org/bot7836218242:AAErQTHFy-LiPSTZeAqb2JYk-q6euCZtHRw/getUpdates "HTTP/1.1 200 OK"
2025-05-08 09:47:50,846 - INFO - HTTP Request: POST https://api.telegram.org/bot7836218242:AAErQTHFy-LiPSTZeAqb2JYk-q6euCZtHRw/getUpdates "HTTP/1.1 200 OK"
2025-05-08 09:47:56,188 - INFO - HTTP Request: POST https://api.telegram.org/bot7836218242:AAErQTHFy-LiPSTZeAqb2JYk-q6euCZtHRw/getUpdates "HTTP/1.1 200 OK"
2025-05-08 09:47:56,190 - INFO - Application is stopping. This might take a moment.
2025-05-08 09:47:56,192 - INFO - Scheduler has been shut down
2025-05-08 09:47:56,203 - INFO - Application.stop() complete
2025-05-08 09:48:00,430 - INFO - Command handlers registered
2025-05-08 09:48:00,430 - INFO - Starting bot polling
2025-05-08 09:48:00,656 - INFO - HTTP Request: POST https://api.telegram.org/bot7836218242:AAErQTHFy-LiPSTZeAqb2JYk-q6euCZtHRw/getMe "HTTP/1.1 200 OK"
2025-05-08 09:48:00,676 - INFO - HTTP Request: POST https://api.telegram.org/bot7836218242:AAErQTHFy-LiPSTZeAqb2JYk-q6euCZtHRw/deleteWebhook "HTTP/1.1 200 OK"
2025-05-08 09:48:00,683 - INFO - Scheduler started
2025-05-08 09:48:00,683 - INFO - Application started
2025-05-08 09:48:10,852 - INFO - HTTP Request: POST https://api.telegram.org/bot7836218242:AAErQTHFy-LiPSTZeAqb2JYk-q6euCZtHRw/getUpdates "HTTP/1.1 200 OK"
2025-05-08 09:48:20,904 - INFO - HTTP Request: POST https://api.telegram.org/bot7836218242:AAErQTHFy-LiPSTZeAqb2JYk-q6euCZtHRw/getUpdates "HTTP/1.1 200 OK"
2025-05-08 09:48:30,932 - INFO - HTTP Request: POST https://api.telegram.org/bot7836218242:AAErQTHFy-LiPSTZeAqb2JYk-q6euCZtHRw/getUpdates "HTTP/1.1 200 OK"
2025-05-08 09:48:33,861 - INFO - HTTP Request: POST https://api.telegram.org/bot7836218242:AAErQTHFy-LiPSTZeAqb2JYk-q6euCZtHRw/getUpdates "HTTP/1.1 200 OK"
2025-05-08 09:48:34,067 - INFO - HTTP Request: POST https://api.telegram.org/bot7836218242:AAErQTHFy-LiPSTZeAqb2JYk-q6euCZtHRw/sendMessage "HTTP/1.1 200 OK"
2025-05-08 09:48:34,070 - INFO - Sent message to -1002593119445: ℹ️ No active events or to-dos.
2025-05-08 09:48:44,148 - INFO - HTTP Request: POST https://api.telegram.org/bot7836218242:AAErQTHFy-LiPSTZeAqb2JYk-q6euCZtHRw/getUpdates "HTTP/1.1 200 OK"
2025-05-08 09:48:54,329 - INFO - HTTP Request: POST https://api.telegram.org/bot7836218242:AAErQTHFy-LiPSTZeAqb2JYk-q6euCZtHRw/getUpdates "HTTP/1.1 200 OK"
2025-05-08 09:49:04,355 - INFO - HTTP Request: POST https://api.telegram.org/bot7836218242:AAErQTHFy-LiPSTZeAqb2JYk-q6euCZtHRw/getUpdates "HTTP/1.1 200 OK"
2025-05-08 09:49:14,456 - INFO - HTTP Request: POST https://api.telegram.org/bot7836218242:AAErQTHFy-LiPSTZeAqb2JYk-q6euCZtHRw/getUpdates "HTTP/1.1 200 OK"
2025-05-08 09:49:24,483 - INFO - HTTP Request: POST https://api.telegram.org/bot7836218242:AAErQTHFy-LiPSTZeAqb2JYk-q6euCZtHRw/getUpdates "HTTP/1.1 200 OK"
2025-05-08 09:49:34,541 - INFO - HTTP Request: POST https://api.telegram.org/bot7836218242:AAErQTHFy-LiPSTZeAqb2JYk-q6euCZtHRw/getUpdates "HTTP/1.1 200 OK"
2025-05-08 09:49:44,610 - INFO - HTTP Request: POST https://api.telegram.org/bot7836218242:AAErQTHFy-LiPSTZeAqb2JYk-q6euCZtHRw/getUpdates "HTTP/1.1 200 OK"
2025-05-08 09:49:54,642 - INFO - HTTP Request: POST https://api.telegram.org/bot7836218242:AAErQTHFy-LiPSTZeAqb2JYk-q6euCZtHRw/getUpdates "HTTP/1.1 200 OK"
2025-05-08 09:50:04,708 - INFO - HTTP Request: POST https://api.telegram.org/bot7836218242:AAErQTHFy-LiPSTZeAqb2JYk-q6euCZtHRw/getUpdates "HTTP/1.1 200 OK"
2025-05-08 09:50:14,742 - INFO - HTTP Request: POST https://api.telegram.org/bot7836218242:AAErQTHFy-LiPSTZeAqb2JYk-q6euCZtHRw/getUpdates "HTTP/1.1 200 OK"
2025-05-08 09:50:24,769 - INFO - HTTP Request: POST https://api.telegram.org/bot7836218242:AAErQTHFy-LiPSTZeAqb2JYk-q6euCZtHRw/getUpdates "HTTP/1.1 200 OK"
2025-05-08 09:50:34,795 - INFO - HTTP Request: POST https://api.telegram.org/bot7836218242:AAErQTHFy-LiPSTZeAqb2JYk-q6euCZtHRw/getUpdates "HTTP/1.1 200 OK"
2025-05-08 09:50:44,817 - INFO - HTTP Request: POST https://api.telegram.org/bot7836218242:AAErQTHFy-LiPSTZeAqb2JYk-q6euCZtHRw/getUpdates "HTTP/1.1 200 OK"
2025-05-08 09:50:54,842 - INFO - HTTP Request: POST https://api.telegram.org/bot7836218242:AAErQTHFy-LiPSTZeAqb2JYk-q6euCZtHRw/getUpdates "HTTP/1.1 200 OK"
2025-05-08 09:51:04,864 - INFO - HTTP Request: POST https://api.telegram.org/bot7836218242:AAErQTHFy-LiPSTZeAqb2JYk-q6euCZtHRw/getUpdates "HTTP/1.1 200 OK"
2025-05-08 09:51:06,600 - INFO - HTTP Request: POST https://api.telegram.org/bot7836218242:AAErQTHFy-LiPSTZeAqb2JYk-q6euCZtHRw/getUpdates "HTTP/1.1 200 OK"
2025-05-08 09:51:06,607 - INFO - Added event: {'id': 1, 'message': 'Pizza night', 'time': '2025-07-25 19:00', 'type': 'terminated', 'active': True, 'chat_id': '-1002593119445'}
2025-05-08 09:51:06,608 - ERROR - No error handlers are registered, logging exception.
Traceback (most recent call last):
  File "/home/sgiani/.local/lib/python3.8/site-packages/telegram/ext/_application.py", line 1335, in process_update
    await coroutine
  File "/home/sgiani/.local/lib/python3.8/site-packages/telegram/ext/_handlers/basehandler.py", line 158, in handle_update
    return await self.callback(update, context)
  File "/home/sgiani/repos/reminder/telegram_interface.py", line 78, in todo_command
    await send_message(update, context, response)
  File "/home/sgiani/repos/reminder/telegram_interface.py", line 27, in send_message
    await update.message.reply_text(formatted_message)
AttributeError: 'NoneType' object has no attribute 'reply_text'
2025-05-08 09:51:16,642 - INFO - HTTP Request: POST https://api.telegram.org/bot7836218242:AAErQTHFy-LiPSTZeAqb2JYk-q6euCZtHRw/getUpdates "HTTP/1.1 200 OK"
2025-05-08 09:51:26,679 - INFO - HTTP Request: POST https://api.telegram.org/bot7836218242:AAErQTHFy-LiPSTZeAqb2JYk-q6euCZtHRw/getUpdates "HTTP/1.1 200 OK"
2025-05-08 09:51:36,711 - INFO - HTTP Request: POST https://api.telegram.org/bot7836218242:AAErQTHFy-LiPSTZeAqb2JYk-q6euCZtHRw/getUpdates "HTTP/1.1 200 OK"
2025-05-08 09:51:37,614 - INFO - HTTP Request: POST https://api.telegram.org/bot7836218242:AAErQTHFy-LiPSTZeAqb2JYk-q6euCZtHRw/getUpdates "HTTP/1.1 200 OK"
2025-05-08 09:51:37,883 - INFO - HTTP Request: POST https://api.telegram.org/bot7836218242:AAErQTHFy-LiPSTZeAqb2JYk-q6euCZtHRw/sendMessage "HTTP/1.1 200 OK"
2025-05-08 09:51:37,885 - INFO - Sent message to -1002593119445: 📋 Active Events and To-Dos:
- Event: Pizza night (2025-07-25 19:00)

2025-05-08 09:51:45,104 - INFO - HTTP Request: POST https://api.telegram.org/bot7836218242:AAErQTHFy-LiPSTZeAqb2JYk-q6euCZtHRw/getUpdates "HTTP/1.1 200 OK"
2025-05-08 09:51:45,106 - INFO - Added event: {'id': 2, 'message': 'Pizza night', 'time': '2025-07-25 19:00', 'type': 'terminated', 'active': True, 'chat_id': '-1002593119445'}
2025-05-08 09:51:45,328 - INFO - HTTP Request: POST https://api.telegram.org/bot7836218242:AAErQTHFy-LiPSTZeAqb2JYk-q6euCZtHRw/sendMessage "HTTP/1.1 200 OK"
2025-05-08 09:51:45,334 - INFO - Sent message to -1002593119445: ✅ Added terminated: Pizza night (2025-07-25 19:00)
2025-05-08 09:51:51,817 - INFO - HTTP Request: POST https://api.telegram.org/bot7836218242:AAErQTHFy-LiPSTZeAqb2JYk-q6euCZtHRw/getUpdates "HTTP/1.1 200 OK"
2025-05-08 09:51:52,043 - INFO - HTTP Request: POST https://api.telegram.org/bot7836218242:AAErQTHFy-LiPSTZeAqb2JYk-q6euCZtHRw/sendMessage "HTTP/1.1 200 OK"
2025-05-08 09:51:52,046 - INFO - Sent message to -1002593119445: 📋 Active Events and To-Dos:
- Event: Pizza night (2025-07-25 19:00)
- Event: Pizza night (2025-07-25 19:00)

2025-05-08 09:52:01,840 - INFO - HTTP Request: POST https://api.telegram.org/bot7836218242:AAErQTHFy-LiPSTZeAqb2JYk-q6euCZtHRw/getUpdates "HTTP/1.1 200 OK"
2025-05-08 09:52:08,603 - INFO - HTTP Request: POST https://api.telegram.org/bot7836218242:AAErQTHFy-LiPSTZeAqb2JYk-q6euCZtHRw/getUpdates "HTTP/1.1 200 OK"
2025-05-08 09:52:08,607 - INFO - Added event: {'id': 3, 'message': 'Fix bike', 'time': 'todo', 'type': 'todo', 'active': True, 'chat_id': '-1002593119445'}
2025-05-08 09:52:08,914 - INFO - HTTP Request: POST https://api.telegram.org/bot7836218242:AAErQTHFy-LiPSTZeAqb2JYk-q6euCZtHRw/sendMessage "HTTP/1.1 200 OK"
2025-05-08 09:52:08,916 - INFO - Sent message to -1002593119445: ✅ Added todo: Fix bike (todo)
2025-05-08 09:52:18,642 - INFO - HTTP Request: POST https://api.telegram.org/bot7836218242:AAErQTHFy-LiPSTZeAqb2JYk-q6euCZtHRw/getUpdates "HTTP/1.1 200 OK"
2025-05-08 09:52:19,046 - INFO - HTTP Request: POST https://api.telegram.org/bot7836218242:AAErQTHFy-LiPSTZeAqb2JYk-q6euCZtHRw/getUpdates "HTTP/1.1 200 OK"
2025-05-08 09:52:19,284 - INFO - HTTP Request: POST https://api.telegram.org/bot7836218242:AAErQTHFy-LiPSTZeAqb2JYk-q6euCZtHRw/sendMessage "HTTP/1.1 200 OK"
2025-05-08 09:52:19,287 - INFO - Sent message to -1002593119445: 📋 Active Events and To-Dos:
- Event: Pizza night (2025-07-25 19:00)
- Event: Pizza night (2025-07-25 19:00)
- To-Do: Fix bike (todo)

2025-05-08 09:52:29,075 - INFO - HTTP Request: POST https://api.telegram.org/bot7836218242:AAErQTHFy-LiPSTZeAqb2JYk-q6euCZtHRw/getUpdates "HTTP/1.1 200 OK"
2025-05-08 09:52:33,638 - INFO - HTTP Request: POST https://api.telegram.org/bot7836218242:AAErQTHFy-LiPSTZeAqb2JYk-q6euCZtHRw/getUpdates "HTTP/1.1 200 OK"
2025-05-08 09:52:33,641 - INFO - Marked to-do as done: Fix bike
2025-05-08 09:52:33,883 - INFO - HTTP Request: POST https://api.telegram.org/bot7836218242:AAErQTHFy-LiPSTZeAqb2JYk-q6euCZtHRw/sendMessage "HTTP/1.1 200 OK"
2025-05-08 09:52:33,887 - INFO - Sent message to -1002593119445: ✅ To-do completed: Fix bike
2025-05-08 09:52:43,069 - INFO - HTTP Request: POST https://api.telegram.org/bot7836218242:AAErQTHFy-LiPSTZeAqb2JYk-q6euCZtHRw/getUpdates "HTTP/1.1 200 OK"
2025-05-08 09:52:43,315 - INFO - HTTP Request: POST https://api.telegram.org/bot7836218242:AAErQTHFy-LiPSTZeAqb2JYk-q6euCZtHRw/sendMessage "HTTP/1.1 200 OK"
2025-05-08 09:52:43,322 - INFO - Sent message to -1002593119445: 📋 Active Events and To-Dos:
- Event: Pizza night (2025-07-25 19:00)
- Event: Pizza night (2025-07-25 19:00)

2025-05-08 09:52:50,818 - INFO - HTTP Request: POST https://api.telegram.org/bot7836218242:AAErQTHFy-LiPSTZeAqb2JYk-q6euCZtHRw/getUpdates "HTTP/1.1 200 OK"
2025-05-08 09:52:51,037 - INFO - HTTP Request: POST https://api.telegram.org/bot7836218242:AAErQTHFy-LiPSTZeAqb2JYk-q6euCZtHRw/sendMessage "HTTP/1.1 200 OK"
2025-05-08 09:52:51,040 - INFO - Sent message to -1002593119445: 📖 @PytstsyToDobot Help

/todo <message> [YYYY-MM-DD HH:MM|MM-DD HH:MM] - Add an event or to-do
/done <message> - Mark a to-do as completed
/list - List all active events and to-dos
/help - Show this help message

Examples:
- /todo Pizza night 2025-07-25 19:00
- /todo Fix bike
- /done Fix bike
2025-05-08 09:53:00,852 - INFO - HTTP Request: POST https://api.telegram.org/bot7836218242:AAErQTHFy-LiPSTZeAqb2JYk-q6euCZtHRw/getUpdates "HTTP/1.1 200 OK"
2025-05-08 09:53:10,876 - INFO - HTTP Request: POST https://api.telegram.org/bot7836218242:AAErQTHFy-LiPSTZeAqb2JYk-q6euCZtHRw/getUpdates "HTTP/1.1 200 OK"
2025-05-08 09:53:20,901 - INFO - HTTP Request: POST https://api.telegram.org/bot7836218242:AAErQTHFy-LiPSTZeAqb2JYk-q6euCZtHRw/getUpdates "HTTP/1.1 200 OK"
2025-05-08 09:53:30,922 - INFO - HTTP Request: POST https://api.telegram.org/bot7836218242:AAErQTHFy-LiPSTZeAqb2JYk-q6euCZtHRw/getUpdates "HTTP/1.1 200 OK"
2025-05-08 09:53:40,950 - INFO - HTTP Request: POST https://api.telegram.org/bot7836218242:AAErQTHFy-LiPSTZeAqb2JYk-q6euCZtHRw/getUpdates "HTTP/1.1 200 OK"
2025-05-08 09:53:44,098 - INFO - HTTP Request: POST https://api.telegram.org/bot7836218242:AAErQTHFy-LiPSTZeAqb2JYk-q6euCZtHRw/getUpdates "HTTP/1.1 200 OK"
2025-05-08 09:53:44,104 - INFO - Added event: {'id': 4, 'message': 'Pizza night', 'time': '08-25 19:00', 'type': 'terminated', 'active': True, 'chat_id': '-1002593119445'}
2025-05-08 09:53:44,427 - INFO - HTTP Request: POST https://api.telegram.org/bot7836218242:AAErQTHFy-LiPSTZeAqb2JYk-q6euCZtHRw/sendMessage "HTTP/1.1 200 OK"
2025-05-08 09:53:44,430 - INFO - Sent message to -1002593119445: ✅ Added terminated: Pizza night (08-25 19:00)
2025-05-08 09:53:49,047 - INFO - HTTP Request: POST https://api.telegram.org/bot7836218242:AAErQTHFy-LiPSTZeAqb2JYk-q6euCZtHRw/getUpdates "HTTP/1.1 200 OK"
2025-05-08 09:53:49,109 - INFO - HTTP Request: POST https://api.telegram.org/bot7836218242:AAErQTHFy-LiPSTZeAqb2JYk-q6euCZtHRw/sendMessage "HTTP/1.1 200 OK"
2025-05-08 09:53:49,112 - INFO - Sent message to -1002593119445: 📋 Active Events and To-Dos:
- Event: Pizza night (2025-07-25 19:00)
- Event: Pizza night (2025-07-25 19:00)
- Event: Pizza night (08-25 19:00)

2025-05-08 09:53:59,078 - INFO - HTTP Request: POST https://api.telegram.org/bot7836218242:AAErQTHFy-LiPSTZeAqb2JYk-q6euCZtHRw/getUpdates "HTTP/1.1 200 OK"
2025-05-08 09:54:09,103 - INFO - HTTP Request: POST https://api.telegram.org/bot7836218242:AAErQTHFy-LiPSTZeAqb2JYk-q6euCZtHRw/getUpdates "HTTP/1.1 200 OK"
2025-05-08 09:54:19,127 - INFO - HTTP Request: POST https://api.telegram.org/bot7836218242:AAErQTHFy-LiPSTZeAqb2JYk-q6euCZtHRw/getUpdates "HTTP/1.1 200 OK"
2025-05-08 09:54:29,149 - INFO - HTTP Request: POST https://api.telegram.org/bot7836218242:AAErQTHFy-LiPSTZeAqb2JYk-q6euCZtHRw/getUpdates "HTTP/1.1 200 OK"
2025-05-08 09:54:39,174 - INFO - HTTP Request: POST https://api.telegram.org/bot7836218242:AAErQTHFy-LiPSTZeAqb2JYk-q6euCZtHRw/getUpdates "HTTP/1.1 200 OK"
2025-05-08 09:54:49,197 - INFO - HTTP Request: POST https://api.telegram.org/bot7836218242:AAErQTHFy-LiPSTZeAqb2JYk-q6euCZtHRw/getUpdates "HTTP/1.1 200 OK"
2025-05-08 09:54:59,225 - INFO - HTTP Request: POST https://api.telegram.org/bot7836218242:AAErQTHFy-LiPSTZeAqb2JYk-q6euCZtHRw/getUpdates "HTTP/1.1 200 OK"
2025-05-08 09:55:09,250 - INFO - HTTP Request: POST https://api.telegram.org/bot7836218242:AAErQTHFy-LiPSTZeAqb2JYk-q6euCZtHRw/getUpdates "HTTP/1.1 200 OK"
2025-05-08 09:55:19,271 - INFO - HTTP Request: POST https://api.telegram.org/bot7836218242:AAErQTHFy-LiPSTZeAqb2JYk-q6euCZtHRw/getUpdates "HTTP/1.1 200 OK"
2025-05-08 09:55:29,304 - INFO - HTTP Request: POST https://api.telegram.org/bot7836218242:AAErQTHFy-LiPSTZeAqb2JYk-q6euCZtHRw/getUpdates "HTTP/1.1 200 OK"
2025-05-08 09:55:39,329 - INFO - HTTP Request: POST https://api.telegram.org/bot7836218242:AAErQTHFy-LiPSTZeAqb2JYk-q6euCZtHRw/getUpdates "HTTP/1.1 200 OK"
2025-05-08 09:55:49,351 - INFO - HTTP Request: POST https://api.telegram.org/bot7836218242:AAErQTHFy-LiPSTZeAqb2JYk-q6euCZtHRw/getUpdates "HTTP/1.1 200 OK"
2025-05-08 09:55:59,374 - INFO - HTTP Request: POST https://api.telegram.org/bot7836218242:AAErQTHFy-LiPSTZeAqb2JYk-q6euCZtHRw/getUpdates "HTTP/1.1 200 OK"
2025-05-08 09:56:09,403 - INFO - HTTP Request: POST https://api.telegram.org/bot7836218242:AAErQTHFy-LiPSTZeAqb2JYk-q6euCZtHRw/getUpdates "HTTP/1.1 200 OK"
2025-05-08 09:56:19,438 - INFO - HTTP Request: POST https://api.telegram.org/bot7836218242:AAErQTHFy-LiPSTZeAqb2JYk-q6euCZtHRw/getUpdates "HTTP/1.1 200 OK"
2025-05-08 09:56:29,461 - INFO - HTTP Request: POST https://api.telegram.org/bot7836218242:AAErQTHFy-LiPSTZeAqb2JYk-q6euCZtHRw/getUpdates "HTTP/1.1 200 OK"
2025-05-08 09:56:39,487 - INFO - HTTP Request: POST https://api.telegram.org/bot7836218242:AAErQTHFy-LiPSTZeAqb2JYk-q6euCZtHRw/getUpdates "HTTP/1.1 200 OK"
2025-05-08 09:56:49,509 - INFO - HTTP Request: POST https://api.telegram.org/bot7836218242:AAErQTHFy-LiPSTZeAqb2JYk-q6euCZtHRw/getUpdates "HTTP/1.1 200 OK"
2025-05-08 09:56:59,535 - INFO - HTTP Request: POST https://api.telegram.org/bot7836218242:AAErQTHFy-LiPSTZeAqb2JYk-q6euCZtHRw/getUpdates "HTTP/1.1 200 OK"
2025-05-08 09:57:09,557 - INFO - HTTP Request: POST https://api.telegram.org/bot7836218242:AAErQTHFy-LiPSTZeAqb2JYk-q6euCZtHRw/getUpdates "HTTP/1.1 200 OK"
2025-05-08 09:57:19,582 - INFO - HTTP Request: POST https://api.telegram.org/bot7836218242:AAErQTHFy-LiPSTZeAqb2JYk-q6euCZtHRw/getUpdates "HTTP/1.1 200 OK"
2025-05-08 09:57:29,606 - INFO - HTTP Request: POST https://api.telegram.org/bot7836218242:AAErQTHFy-LiPSTZeAqb2JYk-q6euCZtHRw/getUpdates "HTTP/1.1 200 OK"
2025-05-08 09:57:39,628 - INFO - HTTP Request: POST https://api.telegram.org/bot7836218242:AAErQTHFy-LiPSTZeAqb2JYk-q6euCZtHRw/getUpdates "HTTP/1.1 200 OK"
2025-05-08 09:57:49,651 - INFO - HTTP Request: POST https://api.telegram.org/bot7836218242:AAErQTHFy-LiPSTZeAqb2JYk-q6euCZtHRw/getUpdates "HTTP/1.1 200 OK"
2025-05-08 09:57:59,679 - INFO - HTTP Request: POST https://api.telegram.org/bot7836218242:AAErQTHFy-LiPSTZeAqb2JYk-q6euCZtHRw/getUpdates "HTTP/1.1 200 OK"
2025-05-08 09:58:09,706 - INFO - HTTP Request: POST https://api.telegram.org/bot7836218242:AAErQTHFy-LiPSTZeAqb2JYk-q6euCZtHRw/getUpdates "HTTP/1.1 200 OK"
2025-05-08 09:58:19,727 - INFO - HTTP Request: POST https://api.telegram.org/bot7836218242:AAErQTHFy-LiPSTZeAqb2JYk-q6euCZtHRw/getUpdates "HTTP/1.1 200 OK"
2025-05-08 09:58:29,757 - INFO - HTTP Request: POST https://api.telegram.org/bot7836218242:AAErQTHFy-LiPSTZeAqb2JYk-q6euCZtHRw/getUpdates "HTTP/1.1 200 OK"
2025-05-08 09:58:39,795 - INFO - HTTP Request: POST https://api.telegram.org/bot7836218242:AAErQTHFy-LiPSTZeAqb2JYk-q6euCZtHRw/getUpdates "HTTP/1.1 200 OK"
2025-05-08 09:58:49,818 - INFO - HTTP Request: POST https://api.telegram.org/bot7836218242:AAErQTHFy-LiPSTZeAqb2JYk-q6euCZtHRw/getUpdates "HTTP/1.1 200 OK"
2025-05-08 09:58:57,088 - INFO - HTTP Request: POST https://api.telegram.org/bot7836218242:AAErQTHFy-LiPSTZeAqb2JYk-q6euCZtHRw/getUpdates "HTTP/1.1 200 OK"
2025-05-08 09:58:57,091 - INFO - Application is stopping. This might take a moment.
2025-05-08 09:58:57,092 - INFO - Scheduler has been shut down
2025-05-08 09:58:57,103 - INFO - Application.stop() complete
2025-05-08 09:59:00,631 - INFO - Command handlers registered
2025-05-08 09:59:00,631 - INFO - Starting bot polling
2025-05-08 09:59:00,814 - INFO - HTTP Request: POST https://api.telegram.org/bot7836218242:AAErQTHFy-LiPSTZeAqb2JYk-q6euCZtHRw/getMe "HTTP/1.1 200 OK"
2025-05-08 09:59:00,831 - INFO - HTTP Request: POST https://api.telegram.org/bot7836218242:AAErQTHFy-LiPSTZeAqb2JYk-q6euCZtHRw/deleteWebhook "HTTP/1.1 200 OK"
2025-05-08 09:59:00,836 - INFO - Scheduler started
2025-05-08 09:59:00,836 - INFO - Application started
2025-05-08 09:59:05,262 - INFO - HTTP Request: POST https://api.telegram.org/bot7836218242:AAErQTHFy-LiPSTZeAqb2JYk-q6euCZtHRw/getUpdates "HTTP/1.1 200 OK"
2025-05-08 09:59:05,319 - INFO - HTTP Request: POST https://api.telegram.org/bot7836218242:AAErQTHFy-LiPSTZeAqb2JYk-q6euCZtHRw/sendMessage "HTTP/1.1 200 OK"
2025-05-08 09:59:05,325 - INFO - Sent message to -1002593119445: ℹ️ No active events or to-dos.
2025-05-08 09:59:15,298 - INFO - HTTP Request: POST https://api.telegram.org/bot7836218242:AAErQTHFy-LiPSTZeAqb2JYk-q6euCZtHRw/getUpdates "HTTP/1.1 200 OK"
2025-05-08 09:59:25,323 - INFO - HTTP Request: POST https://api.telegram.org/bot7836218242:AAErQTHFy-LiPSTZeAqb2JYk-q6euCZtHRw/getUpdates "HTTP/1.1 200 OK"
2025-05-08 09:59:27,514 - INFO - HTTP Request: POST https://api.telegram.org/bot7836218242:AAErQTHFy-LiPSTZeAqb2JYk-q6euCZtHRw/getUpdates "HTTP/1.1 200 OK"
2025-05-08 09:59:27,517 - INFO - Added event: {'id': 1, 'message': 'Pizza night', 'time': '2025-08-25 19:00', 'type': 'terminated', 'active': True, 'chat_id': '-1002593119445'}
2025-05-08 09:59:27,718 - INFO - HTTP Request: POST https://api.telegram.org/bot7836218242:AAErQTHFy-LiPSTZeAqb2JYk-q6euCZtHRw/sendMessage "HTTP/1.1 200 OK"
2025-05-08 09:59:27,721 - INFO - Sent message to -1002593119445: ✅ Added terminated: Pizza night (2025-08-25 19:00)
2025-05-08 09:59:37,544 - INFO - HTTP Request: POST https://api.telegram.org/bot7836218242:AAErQTHFy-LiPSTZeAqb2JYk-q6euCZtHRw/getUpdates "HTTP/1.1 200 OK"
2025-05-08 09:59:39,768 - INFO - HTTP Request: POST https://api.telegram.org/bot7836218242:AAErQTHFy-LiPSTZeAqb2JYk-q6euCZtHRw/getUpdates "HTTP/1.1 200 OK"
2025-05-08 09:59:39,773 - INFO - Added event: {'id': 2, 'message': 'Pizza night', 'time': '2025-09-25 19:00', 'type': 'terminated', 'active': True, 'chat_id': '-1002593119445'}
2025-05-08 09:59:39,774 - ERROR - No error handlers are registered, logging exception.
Traceback (most recent call last):
  File "/home/sgiani/.local/lib/python3.8/site-packages/telegram/ext/_application.py", line 1335, in process_update
    await coroutine
  File "/home/sgiani/.local/lib/python3.8/site-packages/telegram/ext/_handlers/basehandler.py", line 158, in handle_update
    return await self.callback(update, context)
  File "/home/sgiani/repos/reminder/telegram_interface.py", line 93, in todo_command
    await send_message(update, context, response)
  File "/home/sgiani/repos/reminder/telegram_interface.py", line 28, in send_message
    await update.message.reply_text(formatted_message)
AttributeError: 'NoneType' object has no attribute 'reply_text'
2025-05-08 09:59:49,805 - INFO - HTTP Request: POST https://api.telegram.org/bot7836218242:AAErQTHFy-LiPSTZeAqb2JYk-q6euCZtHRw/getUpdates "HTTP/1.1 200 OK"
2025-05-08 09:59:51,069 - INFO - HTTP Request: POST https://api.telegram.org/bot7836218242:AAErQTHFy-LiPSTZeAqb2JYk-q6euCZtHRw/getUpdates "HTTP/1.1 200 OK"
2025-05-08 09:59:51,072 - INFO - Added event: {'id': 3, 'message': 'Pizza night', 'time': '2026-04-25 19:00', 'type': 'terminated', 'active': True, 'chat_id': '-1002593119445'}
2025-05-08 09:59:51,072 - ERROR - No error handlers are registered, logging exception.
Traceback (most recent call last):
  File "/home/sgiani/.local/lib/python3.8/site-packages/telegram/ext/_application.py", line 1335, in process_update
    await coroutine
  File "/home/sgiani/.local/lib/python3.8/site-packages/telegram/ext/_handlers/basehandler.py", line 158, in handle_update
    return await self.callback(update, context)
  File "/home/sgiani/repos/reminder/telegram_interface.py", line 93, in todo_command
    await send_message(update, context, response)
  File "/home/sgiani/repos/reminder/telegram_interface.py", line 28, in send_message
    await update.message.reply_text(formatted_message)
AttributeError: 'NoneType' object has no attribute 'reply_text'
2025-05-08 10:00:01,093 - INFO - HTTP Request: POST https://api.telegram.org/bot7836218242:AAErQTHFy-LiPSTZeAqb2JYk-q6euCZtHRw/getUpdates "HTTP/1.1 200 OK"
2025-05-08 10:00:11,118 - INFO - HTTP Request: POST https://api.telegram.org/bot7836218242:AAErQTHFy-LiPSTZeAqb2JYk-q6euCZtHRw/getUpdates "HTTP/1.1 200 OK"
2025-05-08 10:00:14,103 - INFO - HTTP Request: POST https://api.telegram.org/bot7836218242:AAErQTHFy-LiPSTZeAqb2JYk-q6euCZtHRw/getUpdates "HTTP/1.1 200 OK"
2025-05-08 10:00:14,339 - INFO - HTTP Request: POST https://api.telegram.org/bot7836218242:AAErQTHFy-LiPSTZeAqb2JYk-q6euCZtHRw/sendMessage "HTTP/1.1 200 OK"
2025-05-08 10:00:14,342 - INFO - Sent message to -1002593119445: 📋 Active Events and To-Dos:
- Event: Pizza night (2025-08-25 19:00)
- Event: Pizza night (2025-09-25 19:00)
- Event: Pizza night (2026-04-25 19:00)

2025-05-08 10:00:24,135 - INFO - HTTP Request: POST https://api.telegram.org/bot7836218242:AAErQTHFy-LiPSTZeAqb2JYk-q6euCZtHRw/getUpdates "HTTP/1.1 200 OK"
2025-05-08 10:00:32,481 - INFO - HTTP Request: POST https://api.telegram.org/bot7836218242:AAErQTHFy-LiPSTZeAqb2JYk-q6euCZtHRw/getUpdates "HTTP/1.1 200 OK"
2025-05-08 10:00:32,483 - INFO - Added event: {'id': 4, 'message': 'Fix bike', 'time': 'todo', 'type': 'todo', 'active': True, 'chat_id': '-1002593119445'}
2025-05-08 10:00:32,730 - INFO - HTTP Request: POST https://api.telegram.org/bot7836218242:AAErQTHFy-LiPSTZeAqb2JYk-q6euCZtHRw/sendMessage "HTTP/1.1 200 OK"
2025-05-08 10:00:32,733 - INFO - Sent message to -1002593119445: ✅ Added todo: Fix bike (todo)
2025-05-08 10:00:39,068 - INFO - HTTP Request: POST https://api.telegram.org/bot7836218242:AAErQTHFy-LiPSTZeAqb2JYk-q6euCZtHRw/getUpdates "HTTP/1.1 200 OK"
2025-05-08 10:00:39,070 - INFO - Marked to-do as done: Fix bike
2025-05-08 10:00:39,266 - INFO - HTTP Request: POST https://api.telegram.org/bot7836218242:AAErQTHFy-LiPSTZeAqb2JYk-q6euCZtHRw/sendMessage "HTTP/1.1 200 OK"
2025-05-08 10:00:39,268 - INFO - Sent message to -1002593119445: ✅ To-do completed: Fix bike
2025-05-08 10:00:44,339 - INFO - HTTP Request: POST https://api.telegram.org/bot7836218242:AAErQTHFy-LiPSTZeAqb2JYk-q6euCZtHRw/getUpdates "HTTP/1.1 200 OK"
2025-05-08 10:00:44,571 - INFO - HTTP Request: POST https://api.telegram.org/bot7836218242:AAErQTHFy-LiPSTZeAqb2JYk-q6euCZtHRw/sendMessage "HTTP/1.1 200 OK"
2025-05-08 10:00:44,576 - INFO - Sent message to -1002593119445: 📋 Active Events and To-Dos:
- Event: Pizza night (2025-08-25 19:00)
- Event: Pizza night (2025-09-25 19:00)
- Event: Pizza night (2026-04-25 19:00)

2025-05-08 10:00:54,371 - INFO - HTTP Request: POST https://api.telegram.org/bot7836218242:AAErQTHFy-LiPSTZeAqb2JYk-q6euCZtHRw/getUpdates "HTTP/1.1 200 OK"
2025-05-08 10:00:54,375 - INFO - Added event: {'id': 5, 'message': 'Fix bike', 'time': 'todo', 'type': 'todo', 'active': True, 'chat_id': '-1002593119445'}
2025-05-08 10:00:54,629 - INFO - HTTP Request: POST https://api.telegram.org/bot7836218242:AAErQTHFy-LiPSTZeAqb2JYk-q6euCZtHRw/sendMessage "HTTP/1.1 200 OK"
2025-05-08 10:00:54,632 - INFO - Sent message to -1002593119445: ✅ Added todo: Fix bike (todo)
2025-05-08 10:00:58,803 - INFO - HTTP Request: POST https://api.telegram.org/bot7836218242:AAErQTHFy-LiPSTZeAqb2JYk-q6euCZtHRw/getUpdates "HTTP/1.1 200 OK"
2025-05-08 10:00:58,888 - INFO - HTTP Request: POST https://api.telegram.org/bot7836218242:AAErQTHFy-LiPSTZeAqb2JYk-q6euCZtHRw/sendMessage "HTTP/1.1 200 OK"
2025-05-08 10:00:58,891 - INFO - Sent message to -1002593119445: 📋 Active Events and To-Dos:
- Event: Pizza night (2025-08-25 19:00)
- Event: Pizza night (2025-09-25 19:00)
- Event: Pizza night (2026-04-25 19:00)
- To-Do: Fix bike (todo)

2025-05-08 10:01:08,832 - INFO - HTTP Request: POST https://api.telegram.org/bot7836218242:AAErQTHFy-LiPSTZeAqb2JYk-q6euCZtHRw/getUpdates "HTTP/1.1 200 OK"
2025-05-08 10:01:18,858 - INFO - HTTP Request: POST https://api.telegram.org/bot7836218242:AAErQTHFy-LiPSTZeAqb2JYk-q6euCZtHRw/getUpdates "HTTP/1.1 200 OK"
2025-05-08 10:01:28,886 - INFO - HTTP Request: POST https://api.telegram.org/bot7836218242:AAErQTHFy-LiPSTZeAqb2JYk-q6euCZtHRw/getUpdates "HTTP/1.1 200 OK"
2025-05-08 10:01:38,926 - INFO - HTTP Request: POST https://api.telegram.org/bot7836218242:AAErQTHFy-LiPSTZeAqb2JYk-q6euCZtHRw/getUpdates "HTTP/1.1 200 OK"
2025-05-08 10:01:48,952 - INFO - HTTP Request: POST https://api.telegram.org/bot7836218242:AAErQTHFy-LiPSTZeAqb2JYk-q6euCZtHRw/getUpdates "HTTP/1.1 200 OK"
2025-05-08 10:01:58,978 - INFO - HTTP Request: POST https://api.telegram.org/bot7836218242:AAErQTHFy-LiPSTZeAqb2JYk-q6euCZtHRw/getUpdates "HTTP/1.1 200 OK"
2025-05-08 10:02:09,009 - INFO - HTTP Request: POST https://api.telegram.org/bot7836218242:AAErQTHFy-LiPSTZeAqb2JYk-q6euCZtHRw/getUpdates "HTTP/1.1 200 OK"
2025-05-08 10:02:19,040 - INFO - HTTP Request: POST https://api.telegram.org/bot7836218242:AAErQTHFy-LiPSTZeAqb2JYk-q6euCZtHRw/getUpdates "HTTP/1.1 200 OK"
2025-05-08 10:02:29,446 - INFO - HTTP Request: POST https://api.telegram.org/bot7836218242:AAErQTHFy-LiPSTZeAqb2JYk-q6euCZtHRw/getUpdates "HTTP/1.1 200 OK"
2025-05-08 10:02:39,499 - INFO - HTTP Request: POST https://api.telegram.org/bot7836218242:AAErQTHFy-LiPSTZeAqb2JYk-q6euCZtHRw/getUpdates "HTTP/1.1 200 OK"
2025-05-08 10:02:49,524 - INFO - HTTP Request: POST https://api.telegram.org/bot7836218242:AAErQTHFy-LiPSTZeAqb2JYk-q6euCZtHRw/getUpdates "HTTP/1.1 200 OK"
2025-05-08 10:02:59,734 - INFO - HTTP Request: POST https://api.telegram.org/bot7836218242:AAErQTHFy-LiPSTZeAqb2JYk-q6euCZtHRw/getUpdates "HTTP/1.1 200 OK"
2025-05-08 10:03:09,768 - INFO - HTTP Request: POST https://api.telegram.org/bot7836218242:AAErQTHFy-LiPSTZeAqb2JYk-q6euCZtHRw/getUpdates "HTTP/1.1 200 OK"
2025-05-08 10:03:19,803 - INFO - HTTP Request: POST https://api.telegram.org/bot7836218242:AAErQTHFy-LiPSTZeAqb2JYk-q6euCZtHRw/getUpdates "HTTP/1.1 200 OK"
2025-05-08 10:03:29,832 - INFO - HTTP Request: POST https://api.telegram.org/bot7836218242:AAErQTHFy-LiPSTZeAqb2JYk-q6euCZtHRw/getUpdates "HTTP/1.1 200 OK"
2025-05-08 10:03:39,871 - INFO - HTTP Request: POST https://api.telegram.org/bot7836218242:AAErQTHFy-LiPSTZeAqb2JYk-q6euCZtHRw/getUpdates "HTTP/1.1 200 OK"
2025-05-08 10:03:49,895 - INFO - HTTP Request: POST https://api.telegram.org/bot7836218242:AAErQTHFy-LiPSTZeAqb2JYk-q6euCZtHRw/getUpdates "HTTP/1.1 200 OK"
2025-05-08 10:03:59,922 - INFO - HTTP Request: POST https://api.telegram.org/bot7836218242:AAErQTHFy-LiPSTZeAqb2JYk-q6euCZtHRw/getUpdates "HTTP/1.1 200 OK"
2025-05-08 10:04:09,969 - INFO - HTTP Request: POST https://api.telegram.org/bot7836218242:AAErQTHFy-LiPSTZeAqb2JYk-q6euCZtHRw/getUpdates "HTTP/1.1 200 OK"
2025-05-08 10:04:19,994 - INFO - HTTP Request: POST https://api.telegram.org/bot7836218242:AAErQTHFy-LiPSTZeAqb2JYk-q6euCZtHRw/getUpdates "HTTP/1.1 200 OK"
2025-05-08 10:04:30,018 - INFO - HTTP Request: POST https://api.telegram.org/bot7836218242:AAErQTHFy-LiPSTZeAqb2JYk-q6euCZtHRw/getUpdates "HTTP/1.1 200 OK"
2025-05-08 10:04:40,042 - INFO - HTTP Request: POST https://api.telegram.org/bot7836218242:AAErQTHFy-LiPSTZeAqb2JYk-q6euCZtHRw/getUpdates "HTTP/1.1 200 OK"
2025-05-08 10:04:50,074 - INFO - HTTP Request: POST https://api.telegram.org/bot7836218242:AAErQTHFy-LiPSTZeAqb2JYk-q6euCZtHRw/getUpdates "HTTP/1.1 200 OK"
2025-05-08 10:05:00,096 - INFO - HTTP Request: POST https://api.telegram.org/bot7836218242:AAErQTHFy-LiPSTZeAqb2JYk-q6euCZtHRw/getUpdates "HTTP/1.1 200 OK"
2025-05-08 10:05:10,119 - INFO - HTTP Request: POST https://api.telegram.org/bot7836218242:AAErQTHFy-LiPSTZeAqb2JYk-q6euCZtHRw/getUpdates "HTTP/1.1 200 OK"
2025-05-08 10:05:20,182 - INFO - HTTP Request: POST https://api.telegram.org/bot7836218242:AAErQTHFy-LiPSTZeAqb2JYk-q6euCZtHRw/getUpdates "HTTP/1.1 200 OK"
2025-05-08 10:05:30,240 - INFO - HTTP Request: POST https://api.telegram.org/bot7836218242:AAErQTHFy-LiPSTZeAqb2JYk-q6euCZtHRw/getUpdates "HTTP/1.1 200 OK"
2025-05-08 10:05:40,305 - INFO - HTTP Request: POST https://api.telegram.org/bot7836218242:AAErQTHFy-LiPSTZeAqb2JYk-q6euCZtHRw/getUpdates "HTTP/1.1 200 OK"
2025-05-08 10:05:50,363 - INFO - HTTP Request: POST https://api.telegram.org/bot7836218242:AAErQTHFy-LiPSTZeAqb2JYk-q6euCZtHRw/getUpdates "HTTP/1.1 200 OK"
2025-05-08 10:06:00,418 - INFO - HTTP Request: POST https://api.telegram.org/bot7836218242:AAErQTHFy-LiPSTZeAqb2JYk-q6euCZtHRw/getUpdates "HTTP/1.1 200 OK"
2025-05-08 10:06:10,479 - INFO - HTTP Request: POST https://api.telegram.org/bot7836218242:AAErQTHFy-LiPSTZeAqb2JYk-q6euCZtHRw/getUpdates "HTTP/1.1 200 OK"
2025-05-08 10:06:20,557 - INFO - HTTP Request: POST https://api.telegram.org/bot7836218242:AAErQTHFy-LiPSTZeAqb2JYk-q6euCZtHRw/getUpdates "HTTP/1.1 200 OK"
2025-05-08 10:06:30,623 - INFO - HTTP Request: POST https://api.telegram.org/bot7836218242:AAErQTHFy-LiPSTZeAqb2JYk-q6euCZtHRw/getUpdates "HTTP/1.1 200 OK"
2025-05-08 10:06:40,682 - INFO - HTTP Request: POST https://api.telegram.org/bot7836218242:AAErQTHFy-LiPSTZeAqb2JYk-q6euCZtHRw/getUpdates "HTTP/1.1 200 OK"
2025-05-08 10:06:50,743 - INFO - HTTP Request: POST https://api.telegram.org/bot7836218242:AAErQTHFy-LiPSTZeAqb2JYk-q6euCZtHRw/getUpdates "HTTP/1.1 200 OK"
2025-05-08 10:07:00,804 - INFO - HTTP Request: POST https://api.telegram.org/bot7836218242:AAErQTHFy-LiPSTZeAqb2JYk-q6euCZtHRw/getUpdates "HTTP/1.1 200 OK"
2025-05-08 10:07:10,923 - INFO - HTTP Request: POST https://api.telegram.org/bot7836218242:AAErQTHFy-LiPSTZeAqb2JYk-q6euCZtHRw/getUpdates "HTTP/1.1 200 OK"
2025-05-08 10:07:21,043 - INFO - HTTP Request: POST https://api.telegram.org/bot7836218242:AAErQTHFy-LiPSTZeAqb2JYk-q6euCZtHRw/getUpdates "HTTP/1.1 200 OK"
2025-05-08 10:07:31,148 - INFO - HTTP Request: POST https://api.telegram.org/bot7836218242:AAErQTHFy-LiPSTZeAqb2JYk-q6euCZtHRw/getUpdates "HTTP/1.1 200 OK"
2025-05-08 10:07:41,240 - INFO - HTTP Request: POST https://api.telegram.org/bot7836218242:AAErQTHFy-LiPSTZeAqb2JYk-q6euCZtHRw/getUpdates "HTTP/1.1 200 OK"
2025-05-08 10:07:51,319 - INFO - HTTP Request: POST https://api.telegram.org/bot7836218242:AAErQTHFy-LiPSTZeAqb2JYk-q6euCZtHRw/getUpdates "HTTP/1.1 200 OK"
2025-05-08 10:08:01,412 - INFO - HTTP Request: POST https://api.telegram.org/bot7836218242:AAErQTHFy-LiPSTZeAqb2JYk-q6euCZtHRw/getUpdates "HTTP/1.1 200 OK"
2025-05-08 10:08:11,527 - INFO - HTTP Request: POST https://api.telegram.org/bot7836218242:AAErQTHFy-LiPSTZeAqb2JYk-q6euCZtHRw/getUpdates "HTTP/1.1 200 OK"
2025-05-08 10:08:21,605 - INFO - HTTP Request: POST https://api.telegram.org/bot7836218242:AAErQTHFy-LiPSTZeAqb2JYk-q6euCZtHRw/getUpdates "HTTP/1.1 200 OK"
2025-05-08 10:08:31,721 - INFO - HTTP Request: POST https://api.telegram.org/bot7836218242:AAErQTHFy-LiPSTZeAqb2JYk-q6euCZtHRw/getUpdates "HTTP/1.1 200 OK"
2025-05-08 10:08:41,766 - INFO - HTTP Request: POST https://api.telegram.org/bot7836218242:AAErQTHFy-LiPSTZeAqb2JYk-q6euCZtHRw/getUpdates "HTTP/1.1 200 OK"
2025-05-08 10:08:51,793 - INFO - HTTP Request: POST https://api.telegram.org/bot7836218242:AAErQTHFy-LiPSTZeAqb2JYk-q6euCZtHRw/getUpdates "HTTP/1.1 200 OK"
2025-05-08 10:09:01,817 - INFO - HTTP Request: POST https://api.telegram.org/bot7836218242:AAErQTHFy-LiPSTZeAqb2JYk-q6euCZtHRw/getUpdates "HTTP/1.1 200 OK"
2025-05-08 10:09:11,842 - INFO - HTTP Request: POST https://api.telegram.org/bot7836218242:AAErQTHFy-LiPSTZeAqb2JYk-q6euCZtHRw/getUpdates "HTTP/1.1 200 OK"
2025-05-08 10:09:21,878 - INFO - HTTP Request: POST https://api.telegram.org/bot7836218242:AAErQTHFy-LiPSTZeAqb2JYk-q6euCZtHRw/getUpdates "HTTP/1.1 200 OK"
2025-05-08 10:09:31,909 - INFO - HTTP Request: POST https://api.telegram.org/bot7836218242:AAErQTHFy-LiPSTZeAqb2JYk-q6euCZtHRw/getUpdates "HTTP/1.1 200 OK"
2025-05-08 10:09:41,939 - INFO - HTTP Request: POST https://api.telegram.org/bot7836218242:AAErQTHFy-LiPSTZeAqb2JYk-q6euCZtHRw/getUpdates "HTTP/1.1 200 OK"
2025-05-08 10:09:51,965 - INFO - HTTP Request: POST https://api.telegram.org/bot7836218242:AAErQTHFy-LiPSTZeAqb2JYk-q6euCZtHRw/getUpdates "HTTP/1.1 200 OK"
2025-05-08 10:10:01,999 - INFO - HTTP Request: POST https://api.telegram.org/bot7836218242:AAErQTHFy-LiPSTZeAqb2JYk-q6euCZtHRw/getUpdates "HTTP/1.1 200 OK"
2025-05-08 10:10:12,025 - INFO - HTTP Request: POST https://api.telegram.org/bot7836218242:AAErQTHFy-LiPSTZeAqb2JYk-q6euCZtHRw/getUpdates "HTTP/1.1 200 OK"
2025-05-08 10:10:22,054 - INFO - HTTP Request: POST https://api.telegram.org/bot7836218242:AAErQTHFy-LiPSTZeAqb2JYk-q6euCZtHRw/getUpdates "HTTP/1.1 200 OK"
2025-05-08 10:10:32,082 - INFO - HTTP Request: POST https://api.telegram.org/bot7836218242:AAErQTHFy-LiPSTZeAqb2JYk-q6euCZtHRw/getUpdates "HTTP/1.1 200 OK"
2025-05-08 10:10:42,109 - INFO - HTTP Request: POST https://api.telegram.org/bot7836218242:AAErQTHFy-LiPSTZeAqb2JYk-q6euCZtHRw/getUpdates "HTTP/1.1 200 OK"
2025-05-08 10:10:52,134 - INFO - HTTP Request: POST https://api.telegram.org/bot7836218242:AAErQTHFy-LiPSTZeAqb2JYk-q6euCZtHRw/getUpdates "HTTP/1.1 200 OK"
2025-05-08 10:11:02,159 - INFO - HTTP Request: POST https://api.telegram.org/bot7836218242:AAErQTHFy-LiPSTZeAqb2JYk-q6euCZtHRw/getUpdates "HTTP/1.1 200 OK"
2025-05-08 10:11:12,195 - INFO - HTTP Request: POST https://api.telegram.org/bot7836218242:AAErQTHFy-LiPSTZeAqb2JYk-q6euCZtHRw/getUpdates "HTTP/1.1 200 OK"
2025-05-08 10:11:22,229 - INFO - HTTP Request: POST https://api.telegram.org/bot7836218242:AAErQTHFy-LiPSTZeAqb2JYk-q6euCZtHRw/getUpdates "HTTP/1.1 200 OK"
2025-05-08 10:11:32,256 - INFO - HTTP Request: POST https://api.telegram.org/bot7836218242:AAErQTHFy-LiPSTZeAqb2JYk-q6euCZtHRw/getUpdates "HTTP/1.1 200 OK"
2025-05-08 10:11:42,289 - INFO - HTTP Request: POST https://api.telegram.org/bot7836218242:AAErQTHFy-LiPSTZeAqb2JYk-q6euCZtHRw/getUpdates "HTTP/1.1 200 OK"
2025-05-08 10:11:52,320 - INFO - HTTP Request: POST https://api.telegram.org/bot7836218242:AAErQTHFy-LiPSTZeAqb2JYk-q6euCZtHRw/getUpdates "HTTP/1.1 200 OK"
2025-05-08 10:12:02,347 - INFO - HTTP Request: POST https://api.telegram.org/bot7836218242:AAErQTHFy-LiPSTZeAqb2JYk-q6euCZtHRw/getUpdates "HTTP/1.1 200 OK"
2025-05-08 10:12:12,381 - INFO - HTTP Request: POST https://api.telegram.org/bot7836218242:AAErQTHFy-LiPSTZeAqb2JYk-q6euCZtHRw/getUpdates "HTTP/1.1 200 OK"
2025-05-08 10:12:22,407 - INFO - HTTP Request: POST https://api.telegram.org/bot7836218242:AAErQTHFy-LiPSTZeAqb2JYk-q6euCZtHRw/getUpdates "HTTP/1.1 200 OK"
2025-05-08 10:12:32,438 - INFO - HTTP Request: POST https://api.telegram.org/bot7836218242:AAErQTHFy-LiPSTZeAqb2JYk-q6euCZtHRw/getUpdates "HTTP/1.1 200 OK"
2025-05-08 10:12:42,469 - INFO - HTTP Request: POST https://api.telegram.org/bot7836218242:AAErQTHFy-LiPSTZeAqb2JYk-q6euCZtHRw/getUpdates "HTTP/1.1 200 OK"
2025-05-08 10:12:52,494 - INFO - HTTP Request: POST https://api.telegram.org/bot7836218242:AAErQTHFy-LiPSTZeAqb2JYk-q6euCZtHRw/getUpdates "HTTP/1.1 200 OK"
2025-05-08 10:13:02,520 - INFO - HTTP Request: POST https://api.telegram.org/bot7836218242:AAErQTHFy-LiPSTZeAqb2JYk-q6euCZtHRw/getUpdates "HTTP/1.1 200 OK"
2025-05-08 10:13:12,547 - INFO - HTTP Request: POST https://api.telegram.org/bot7836218242:AAErQTHFy-LiPSTZeAqb2JYk-q6euCZtHRw/getUpdates "HTTP/1.1 200 OK"
2025-05-08 10:13:22,572 - INFO - HTTP Request: POST https://api.telegram.org/bot7836218242:AAErQTHFy-LiPSTZeAqb2JYk-q6euCZtHRw/getUpdates "HTTP/1.1 200 OK"
2025-05-08 10:13:32,597 - INFO - HTTP Request: POST https://api.telegram.org/bot7836218242:AAErQTHFy-LiPSTZeAqb2JYk-q6euCZtHRw/getUpdates "HTTP/1.1 200 OK"
2025-05-08 10:13:42,626 - INFO - HTTP Request: POST https://api.telegram.org/bot7836218242:AAErQTHFy-LiPSTZeAqb2JYk-q6euCZtHRw/getUpdates "HTTP/1.1 200 OK"
2025-05-08 10:13:52,656 - INFO - HTTP Request: POST https://api.telegram.org/bot7836218242:AAErQTHFy-LiPSTZeAqb2JYk-q6euCZtHRw/getUpdates "HTTP/1.1 200 OK"
2025-05-08 10:14:02,682 - INFO - HTTP Request: POST https://api.telegram.org/bot7836218242:AAErQTHFy-LiPSTZeAqb2JYk-q6euCZtHRw/getUpdates "HTTP/1.1 200 OK"
2025-05-08 10:14:12,707 - INFO - HTTP Request: POST https://api.telegram.org/bot7836218242:AAErQTHFy-LiPSTZeAqb2JYk-q6euCZtHRw/getUpdates "HTTP/1.1 200 OK"
2025-05-08 10:14:22,738 - INFO - HTTP Request: POST https://api.telegram.org/bot7836218242:AAErQTHFy-LiPSTZeAqb2JYk-q6euCZtHRw/getUpdates "HTTP/1.1 200 OK"
2025-05-08 10:14:32,761 - INFO - HTTP Request: POST https://api.telegram.org/bot7836218242:AAErQTHFy-LiPSTZeAqb2JYk-q6euCZtHRw/getUpdates "HTTP/1.1 200 OK"
2025-05-08 10:14:42,788 - INFO - HTTP Request: POST https://api.telegram.org/bot7836218242:AAErQTHFy-LiPSTZeAqb2JYk-q6euCZtHRw/getUpdates "HTTP/1.1 200 OK"
2025-05-08 10:14:52,816 - INFO - HTTP Request: POST https://api.telegram.org/bot7836218242:AAErQTHFy-LiPSTZeAqb2JYk-q6euCZtHRw/getUpdates "HTTP/1.1 200 OK"
2025-05-08 10:15:03,104 - INFO - HTTP Request: POST https://api.telegram.org/bot7836218242:AAErQTHFy-LiPSTZeAqb2JYk-q6euCZtHRw/getUpdates "HTTP/1.1 200 OK"
2025-05-08 10:15:13,129 - INFO - HTTP Request: POST https://api.telegram.org/bot7836218242:AAErQTHFy-LiPSTZeAqb2JYk-q6euCZtHRw/getUpdates "HTTP/1.1 200 OK"
2025-05-08 10:15:23,151 - INFO - HTTP Request: POST https://api.telegram.org/bot7836218242:AAErQTHFy-LiPSTZeAqb2JYk-q6euCZtHRw/getUpdates "HTTP/1.1 200 OK"
2025-05-08 10:15:33,176 - INFO - HTTP Request: POST https://api.telegram.org/bot7836218242:AAErQTHFy-LiPSTZeAqb2JYk-q6euCZtHRw/getUpdates "HTTP/1.1 200 OK"
2025-05-08 10:15:43,199 - INFO - HTTP Request: POST https://api.telegram.org/bot7836218242:AAErQTHFy-LiPSTZeAqb2JYk-q6euCZtHRw/getUpdates "HTTP/1.1 200 OK"
2025-05-08 10:15:53,223 - INFO - HTTP Request: POST https://api.telegram.org/bot7836218242:AAErQTHFy-LiPSTZeAqb2JYk-q6euCZtHRw/getUpdates "HTTP/1.1 200 OK"
2025-05-08 10:16:03,248 - INFO - HTTP Request: POST https://api.telegram.org/bot7836218242:AAErQTHFy-LiPSTZeAqb2JYk-q6euCZtHRw/getUpdates "HTTP/1.1 200 OK"
2025-05-08 10:16:13,272 - INFO - HTTP Request: POST https://api.telegram.org/bot7836218242:AAErQTHFy-LiPSTZeAqb2JYk-q6euCZtHRw/getUpdates "HTTP/1.1 200 OK"
2025-05-08 10:16:23,301 - INFO - HTTP Request: POST https://api.telegram.org/bot7836218242:AAErQTHFy-LiPSTZeAqb2JYk-q6euCZtHRw/getUpdates "HTTP/1.1 200 OK"
2025-05-08 10:16:33,329 - INFO - HTTP Request: POST https://api.telegram.org/bot7836218242:AAErQTHFy-LiPSTZeAqb2JYk-q6euCZtHRw/getUpdates "HTTP/1.1 200 OK"
2025-05-08 10:16:43,360 - INFO - HTTP Request: POST https://api.telegram.org/bot7836218242:AAErQTHFy-LiPSTZeAqb2JYk-q6euCZtHRw/getUpdates "HTTP/1.1 200 OK"
2025-05-08 10:16:53,383 - INFO - HTTP Request: POST https://api.telegram.org/bot7836218242:AAErQTHFy-LiPSTZeAqb2JYk-q6euCZtHRw/getUpdates "HTTP/1.1 200 OK"
2025-05-08 10:17:03,415 - INFO - HTTP Request: POST https://api.telegram.org/bot7836218242:AAErQTHFy-LiPSTZeAqb2JYk-q6euCZtHRw/getUpdates "HTTP/1.1 200 OK"
2025-05-08 10:17:13,439 - INFO - HTTP Request: POST https://api.telegram.org/bot7836218242:AAErQTHFy-LiPSTZeAqb2JYk-q6euCZtHRw/getUpdates "HTTP/1.1 200 OK"
2025-05-08 10:17:23,466 - INFO - HTTP Request: POST https://api.telegram.org/bot7836218242:AAErQTHFy-LiPSTZeAqb2JYk-q6euCZtHRw/getUpdates "HTTP/1.1 200 OK"
2025-05-08 10:17:33,491 - INFO - HTTP Request: POST https://api.telegram.org/bot7836218242:AAErQTHFy-LiPSTZeAqb2JYk-q6euCZtHRw/getUpdates "HTTP/1.1 200 OK"
2025-05-08 10:17:43,517 - INFO - HTTP Request: POST https://api.telegram.org/bot7836218242:AAErQTHFy-LiPSTZeAqb2JYk-q6euCZtHRw/getUpdates "HTTP/1.1 200 OK"
2025-05-08 10:17:53,557 - INFO - HTTP Request: POST https://api.telegram.org/bot7836218242:AAErQTHFy-LiPSTZeAqb2JYk-q6euCZtHRw/getUpdates "HTTP/1.1 200 OK"
2025-05-08 10:18:03,722 - INFO - HTTP Request: POST https://api.telegram.org/bot7836218242:AAErQTHFy-LiPSTZeAqb2JYk-q6euCZtHRw/getUpdates "HTTP/1.1 200 OK"
2025-05-08 10:18:13,751 - INFO - HTTP Request: POST https://api.telegram.org/bot7836218242:AAErQTHFy-LiPSTZeAqb2JYk-q6euCZtHRw/getUpdates "HTTP/1.1 200 OK"
2025-05-08 10:18:23,781 - INFO - HTTP Request: POST https://api.telegram.org/bot7836218242:AAErQTHFy-LiPSTZeAqb2JYk-q6euCZtHRw/getUpdates "HTTP/1.1 200 OK"
2025-05-08 10:18:33,834 - INFO - HTTP Request: POST https://api.telegram.org/bot7836218242:AAErQTHFy-LiPSTZeAqb2JYk-q6euCZtHRw/getUpdates "HTTP/1.1 200 OK"
2025-05-08 10:18:43,890 - INFO - HTTP Request: POST https://api.telegram.org/bot7836218242:AAErQTHFy-LiPSTZeAqb2JYk-q6euCZtHRw/getUpdates "HTTP/1.1 200 OK"
2025-05-08 10:18:53,920 - INFO - HTTP Request: POST https://api.telegram.org/bot7836218242:AAErQTHFy-LiPSTZeAqb2JYk-q6euCZtHRw/getUpdates "HTTP/1.1 200 OK"
2025-05-08 10:19:03,943 - INFO - HTTP Request: POST https://api.telegram.org/bot7836218242:AAErQTHFy-LiPSTZeAqb2JYk-q6euCZtHRw/getUpdates "HTTP/1.1 200 OK"
2025-05-08 10:19:13,976 - INFO - HTTP Request: POST https://api.telegram.org/bot7836218242:AAErQTHFy-LiPSTZeAqb2JYk-q6euCZtHRw/getUpdates "HTTP/1.1 200 OK"
2025-05-08 10:19:24,015 - INFO - HTTP Request: POST https://api.telegram.org/bot7836218242:AAErQTHFy-LiPSTZeAqb2JYk-q6euCZtHRw/getUpdates "HTTP/1.1 200 OK"
2025-05-08 10:19:34,039 - INFO - HTTP Request: POST https://api.telegram.org/bot7836218242:AAErQTHFy-LiPSTZeAqb2JYk-q6euCZtHRw/getUpdates "HTTP/1.1 200 OK"
2025-05-08 10:19:44,063 - INFO - HTTP Request: POST https://api.telegram.org/bot7836218242:AAErQTHFy-LiPSTZeAqb2JYk-q6euCZtHRw/getUpdates "HTTP/1.1 200 OK"
2025-05-08 10:19:54,088 - INFO - HTTP Request: POST https://api.telegram.org/bot7836218242:AAErQTHFy-LiPSTZeAqb2JYk-q6euCZtHRw/getUpdates "HTTP/1.1 200 OK"
2025-05-08 10:20:04,117 - INFO - HTTP Request: POST https://api.telegram.org/bot7836218242:AAErQTHFy-LiPSTZeAqb2JYk-q6euCZtHRw/getUpdates "HTTP/1.1 200 OK"
2025-05-08 10:20:13,016 - INFO - HTTP Request: POST https://api.telegram.org/bot7836218242:AAErQTHFy-LiPSTZeAqb2JYk-q6euCZtHRw/getUpdates "HTTP/1.1 200 OK"
2025-05-08 10:20:13,020 - INFO - Application is stopping. This might take a moment.
2025-05-08 10:20:13,037 - INFO - Scheduler has been shut down
2025-05-08 10:20:13,043 - INFO - Application.stop() complete
2025-05-08 10:24:06,707 - INFO - Command handlers registered
2025-05-08 10:24:06,709 - INFO - Starting bot polling
2025-05-08 10:24:06,916 - INFO - HTTP Request: POST https://api.telegram.org/bot7836218242:AAErQTHFy-LiPSTZeAqb2JYk-q6euCZtHRw/getMe "HTTP/1.1 200 OK"
2025-05-08 10:24:06,944 - INFO - HTTP Request: POST https://api.telegram.org/bot7836218242:AAErQTHFy-LiPSTZeAqb2JYk-q6euCZtHRw/deleteWebhook "HTTP/1.1 200 OK"
2025-05-08 10:24:06,948 - INFO - Scheduler started
2025-05-08 10:24:06,948 - INFO - Application started
2025-05-08 10:24:17,126 - INFO - HTTP Request: POST https://api.telegram.org/bot7836218242:AAErQTHFy-LiPSTZeAqb2JYk-q6euCZtHRw/getUpdates "HTTP/1.1 200 OK"
2025-05-08 10:24:18,073 - INFO - HTTP Request: POST https://api.telegram.org/bot7836218242:AAErQTHFy-LiPSTZeAqb2JYk-q6euCZtHRw/getUpdates "HTTP/1.1 200 OK"
2025-05-08 10:24:18,297 - INFO - HTTP Request: POST https://api.telegram.org/bot7836218242:AAErQTHFy-LiPSTZeAqb2JYk-q6euCZtHRw/sendMessage "HTTP/1.1 200 OK"
2025-05-08 10:24:18,300 - INFO - Sent message to -1002593119445: ℹ️ No active events or to-dos.
2025-05-08 10:24:28,116 - INFO - HTTP Request: POST https://api.telegram.org/bot7836218242:AAErQTHFy-LiPSTZeAqb2JYk-q6euCZtHRw/getUpdates "HTTP/1.1 200 OK"
2025-05-08 10:24:34,311 - INFO - HTTP Request: POST https://api.telegram.org/bot7836218242:AAErQTHFy-LiPSTZeAqb2JYk-q6euCZtHRw/getUpdates "HTTP/1.1 200 OK"
2025-05-08 10:24:34,314 - ERROR - No error handlers are registered, logging exception.
Traceback (most recent call last):
  File "/home/sgiani/.local/lib/python3.8/site-packages/telegram/ext/_application.py", line 1335, in process_update
    await coroutine
  File "/home/sgiani/.local/lib/python3.8/site-packages/telegram/ext/_handlers/conversationhandler.py", line 857, in handle_update
    new_state: object = await handler.handle_update(
  File "/home/sgiani/.local/lib/python3.8/site-packages/telegram/ext/_handlers/basehandler.py", line 158, in handle_update
    return await self.callback(update, context)
  File "/home/sgiani/repos/reminder/telegram_interface.py", line 44, in todo_command
    time_match = re.search(r"((\d{4}-\d{2}-\d{2}|\d{2}-\d{2}) \d{2}:\d{2})$", input_text)
NameError: name 're' is not defined
2025-05-08 10:24:44,206 - INFO - HTTP Request: POST https://api.telegram.org/bot7836218242:AAErQTHFy-LiPSTZeAqb2JYk-q6euCZtHRw/getUpdates "HTTP/1.1 200 OK"
2025-05-08 10:24:44,450 - INFO - HTTP Request: POST https://api.telegram.org/bot7836218242:AAErQTHFy-LiPSTZeAqb2JYk-q6euCZtHRw/sendMessage "HTTP/1.1 200 OK"
2025-05-08 10:24:44,454 - INFO - Sent message to -1002593119445: ℹ️ No active events or to-dos.
2025-05-08 10:24:54,243 - INFO - HTTP Request: POST https://api.telegram.org/bot7836218242:AAErQTHFy-LiPSTZeAqb2JYk-q6euCZtHRw/getUpdates "HTTP/1.1 200 OK"
2025-05-08 10:24:56,160 - INFO - HTTP Request: POST https://api.telegram.org/bot7836218242:AAErQTHFy-LiPSTZeAqb2JYk-q6euCZtHRw/getUpdates "HTTP/1.1 200 OK"
2025-05-08 10:24:56,167 - ERROR - No error handlers are registered, logging exception.
Traceback (most recent call last):
  File "/home/sgiani/.local/lib/python3.8/site-packages/telegram/ext/_application.py", line 1335, in process_update
    await coroutine
  File "/home/sgiani/.local/lib/python3.8/site-packages/telegram/ext/_handlers/conversationhandler.py", line 857, in handle_update
    new_state: object = await handler.handle_update(
  File "/home/sgiani/.local/lib/python3.8/site-packages/telegram/ext/_handlers/basehandler.py", line 158, in handle_update
    return await self.callback(update, context)
  File "/home/sgiani/repos/reminder/telegram_interface.py", line 44, in todo_command
    time_match = re.search(r"((\d{4}-\d{2}-\d{2}|\d{2}-\d{2}) \d{2}:\d{2})$", input_text)
NameError: name 're' is not defined
2025-05-08 10:25:01,189 - INFO - HTTP Request: POST https://api.telegram.org/bot7836218242:AAErQTHFy-LiPSTZeAqb2JYk-q6euCZtHRw/getUpdates "HTTP/1.1 200 OK"
2025-05-08 10:25:01,492 - INFO - HTTP Request: POST https://api.telegram.org/bot7836218242:AAErQTHFy-LiPSTZeAqb2JYk-q6euCZtHRw/sendMessage "HTTP/1.1 200 OK"
2025-05-08 10:25:01,495 - INFO - Sent message to -1002593119445: ℹ️ No active events or to-dos.
2025-05-08 10:25:11,271 - INFO - HTTP Request: POST https://api.telegram.org/bot7836218242:AAErQTHFy-LiPSTZeAqb2JYk-q6euCZtHRw/getUpdates "HTTP/1.1 200 OK"
2025-05-08 10:25:21,303 - INFO - HTTP Request: POST https://api.telegram.org/bot7836218242:AAErQTHFy-LiPSTZeAqb2JYk-q6euCZtHRw/getUpdates "HTTP/1.1 200 OK"
2025-05-08 10:25:31,326 - INFO - HTTP Request: POST https://api.telegram.org/bot7836218242:AAErQTHFy-LiPSTZeAqb2JYk-q6euCZtHRw/getUpdates "HTTP/1.1 200 OK"
2025-05-08 10:25:41,353 - INFO - HTTP Request: POST https://api.telegram.org/bot7836218242:AAErQTHFy-LiPSTZeAqb2JYk-q6euCZtHRw/getUpdates "HTTP/1.1 200 OK"
2025-05-08 10:25:51,386 - INFO - HTTP Request: POST https://api.telegram.org/bot7836218242:AAErQTHFy-LiPSTZeAqb2JYk-q6euCZtHRw/getUpdates "HTTP/1.1 200 OK"
2025-05-08 10:26:01,413 - INFO - HTTP Request: POST https://api.telegram.org/bot7836218242:AAErQTHFy-LiPSTZeAqb2JYk-q6euCZtHRw/getUpdates "HTTP/1.1 200 OK"
2025-05-08 10:26:11,437 - INFO - HTTP Request: POST https://api.telegram.org/bot7836218242:AAErQTHFy-LiPSTZeAqb2JYk-q6euCZtHRw/getUpdates "HTTP/1.1 200 OK"
2025-05-08 10:26:11,905 - INFO - HTTP Request: POST https://api.telegram.org/bot7836218242:AAErQTHFy-LiPSTZeAqb2JYk-q6euCZtHRw/getUpdates "HTTP/1.1 200 OK"
2025-05-08 10:26:11,911 - ERROR - No error handlers are registered, logging exception.
Traceback (most recent call last):
  File "/home/sgiani/.local/lib/python3.8/site-packages/telegram/ext/_application.py", line 1335, in process_update
    await coroutine
  File "/home/sgiani/.local/lib/python3.8/site-packages/telegram/ext/_handlers/conversationhandler.py", line 857, in handle_update
    new_state: object = await handler.handle_update(
  File "/home/sgiani/.local/lib/python3.8/site-packages/telegram/ext/_handlers/basehandler.py", line 158, in handle_update
    return await self.callback(update, context)
  File "/home/sgiani/repos/reminder/telegram_interface.py", line 44, in todo_command
    time_match = re.search(r"((\d{4}-\d{2}-\d{2}|\d{2}-\d{2}) \d{2}:\d{2})$", input_text)
NameError: name 're' is not defined
2025-05-08 10:26:21,946 - INFO - HTTP Request: POST https://api.telegram.org/bot7836218242:AAErQTHFy-LiPSTZeAqb2JYk-q6euCZtHRw/getUpdates "HTTP/1.1 200 OK"
2025-05-08 10:26:31,981 - INFO - HTTP Request: POST https://api.telegram.org/bot7836218242:AAErQTHFy-LiPSTZeAqb2JYk-q6euCZtHRw/getUpdates "HTTP/1.1 200 OK"
2025-05-08 10:26:42,011 - INFO - HTTP Request: POST https://api.telegram.org/bot7836218242:AAErQTHFy-LiPSTZeAqb2JYk-q6euCZtHRw/getUpdates "HTTP/1.1 200 OK"
2025-05-08 10:26:52,038 - INFO - HTTP Request: POST https://api.telegram.org/bot7836218242:AAErQTHFy-LiPSTZeAqb2JYk-q6euCZtHRw/getUpdates "HTTP/1.1 200 OK"
2025-05-08 10:27:02,083 - INFO - HTTP Request: POST https://api.telegram.org/bot7836218242:AAErQTHFy-LiPSTZeAqb2JYk-q6euCZtHRw/getUpdates "HTTP/1.1 200 OK"
2025-05-08 10:27:12,131 - INFO - HTTP Request: POST https://api.telegram.org/bot7836218242:AAErQTHFy-LiPSTZeAqb2JYk-q6euCZtHRw/getUpdates "HTTP/1.1 200 OK"
2025-05-08 10:27:22,187 - INFO - HTTP Request: POST https://api.telegram.org/bot7836218242:AAErQTHFy-LiPSTZeAqb2JYk-q6euCZtHRw/getUpdates "HTTP/1.1 200 OK"
2025-05-08 10:27:31,010 - INFO - HTTP Request: POST https://api.telegram.org/bot7836218242:AAErQTHFy-LiPSTZeAqb2JYk-q6euCZtHRw/getUpdates "HTTP/1.1 200 OK"
2025-05-08 10:27:31,014 - INFO - Application is stopping. This might take a moment.
2025-05-08 10:27:31,014 - INFO - Scheduler has been shut down
2025-05-08 10:27:31,025 - INFO - Application.stop() complete
2025-05-08 10:27:32,735 - INFO - HTTP Request: POST https://api.telegram.org/bot7836218242:AAErQTHFy-LiPSTZeAqb2JYk-q6euCZtHRw/sendMessage "HTTP/1.1 200 OK"
2025-05-08 10:27:32,738 - INFO - Message sent to chat ID -1002593119445: Test message from @PytstsyToDobot! 🍕
2025-05-08 10:30:49,670 - INFO - Command handlers registered
2025-05-08 10:30:49,671 - INFO - Starting bot polling
2025-05-08 10:30:49,863 - INFO - HTTP Request: POST https://api.telegram.org/bot7836218242:AAErQTHFy-LiPSTZeAqb2JYk-q6euCZtHRw/getMe "HTTP/1.1 200 OK"
2025-05-08 10:30:49,893 - INFO - HTTP Request: POST https://api.telegram.org/bot7836218242:AAErQTHFy-LiPSTZeAqb2JYk-q6euCZtHRw/deleteWebhook "HTTP/1.1 200 OK"
2025-05-08 10:30:49,896 - INFO - Scheduler started
2025-05-08 10:30:49,897 - INFO - Application started
2025-05-08 10:31:00,076 - INFO - HTTP Request: POST https://api.telegram.org/bot7836218242:AAErQTHFy-LiPSTZeAqb2JYk-q6euCZtHRw/getUpdates "HTTP/1.1 200 OK"
2025-05-08 10:31:04,431 - INFO - HTTP Request: POST https://api.telegram.org/bot7836218242:AAErQTHFy-LiPSTZeAqb2JYk-q6euCZtHRw/getUpdates "HTTP/1.1 200 OK"
2025-05-08 10:31:04,949 - INFO - HTTP Request: POST https://api.telegram.org/bot7836218242:AAErQTHFy-LiPSTZeAqb2JYk-q6euCZtHRw/sendMessage "HTTP/1.1 200 OK"
2025-05-08 10:31:04,953 - INFO - Sent message to -1002593119445: ℹ️ No active events or to-dos.
2025-05-08 10:31:14,461 - INFO - HTTP Request: POST https://api.telegram.org/bot7836218242:AAErQTHFy-LiPSTZeAqb2JYk-q6euCZtHRw/getUpdates "HTTP/1.1 200 OK"
2025-05-08 10:31:24,485 - INFO - HTTP Request: POST https://api.telegram.org/bot7836218242:AAErQTHFy-LiPSTZeAqb2JYk-q6euCZtHRw/getUpdates "HTTP/1.1 200 OK"
2025-05-08 10:31:34,516 - INFO - HTTP Request: POST https://api.telegram.org/bot7836218242:AAErQTHFy-LiPSTZeAqb2JYk-q6euCZtHRw/getUpdates "HTTP/1.1 200 OK"
2025-05-08 10:31:44,539 - INFO - HTTP Request: POST https://api.telegram.org/bot7836218242:AAErQTHFy-LiPSTZeAqb2JYk-q6euCZtHRw/getUpdates "HTTP/1.1 200 OK"
2025-05-08 10:31:49,298 - INFO - HTTP Request: POST https://api.telegram.org/bot7836218242:AAErQTHFy-LiPSTZeAqb2JYk-q6euCZtHRw/getUpdates "HTTP/1.1 200 OK"
2025-05-08 10:31:49,314 - INFO - Added event: {'id': 1, 'message': 'Pizza night', 'time': '2025-08-25 19:00', 'type': 'terminated', 'active': True, 'chat_id': '-1002593119445'}
2025-05-08 10:31:49,908 - INFO - HTTP Request: POST https://api.telegram.org/bot7836218242:AAErQTHFy-LiPSTZeAqb2JYk-q6euCZtHRw/sendMessage "HTTP/1.1 200 OK"
2025-05-08 10:31:49,913 - INFO - Sent message to -1002593119445: ✅ Added terminated: Pizza night (2025-08-25 19:00)
2025-05-08 10:31:53,546 - INFO - HTTP Request: POST https://api.telegram.org/bot7836218242:AAErQTHFy-LiPSTZeAqb2JYk-q6euCZtHRw/getUpdates "HTTP/1.1 200 OK"
2025-05-08 10:31:53,603 - INFO - HTTP Request: POST https://api.telegram.org/bot7836218242:AAErQTHFy-LiPSTZeAqb2JYk-q6euCZtHRw/sendMessage "HTTP/1.1 200 OK"
2025-05-08 10:31:53,606 - INFO - Sent message to -1002593119445: 📋 Active Events and To-Dos:
- Event: Pizza night (2025-08-25 19:00)

2025-05-08 10:32:03,586 - INFO - HTTP Request: POST https://api.telegram.org/bot7836218242:AAErQTHFy-LiPSTZeAqb2JYk-q6euCZtHRw/getUpdates "HTTP/1.1 200 OK"
2025-05-08 10:32:13,613 - INFO - HTTP Request: POST https://api.telegram.org/bot7836218242:AAErQTHFy-LiPSTZeAqb2JYk-q6euCZtHRw/getUpdates "HTTP/1.1 200 OK"
2025-05-08 10:32:15,390 - INFO - HTTP Request: POST https://api.telegram.org/bot7836218242:AAErQTHFy-LiPSTZeAqb2JYk-q6euCZtHRw/getUpdates "HTTP/1.1 200 OK"
2025-05-08 10:32:15,618 - INFO - HTTP Request: POST https://api.telegram.org/bot7836218242:AAErQTHFy-LiPSTZeAqb2JYk-q6euCZtHRw/sendMessage "HTTP/1.1 200 OK"
2025-05-08 10:32:15,621 - INFO - Sent message to -1002593119445: Interpreted as 2025-09-11 19:01 [Y/n]
2025-05-08 10:32:25,420 - INFO - HTTP Request: POST https://api.telegram.org/bot7836218242:AAErQTHFy-LiPSTZeAqb2JYk-q6euCZtHRw/getUpdates "HTTP/1.1 200 OK"
2025-05-08 10:32:27,981 - INFO - HTTP Request: POST https://api.telegram.org/bot7836218242:AAErQTHFy-LiPSTZeAqb2JYk-q6euCZtHRw/getUpdates "HTTP/1.1 200 OK"
2025-05-08 10:32:27,983 - INFO - Added confirmed event: {'id': 2, 'message': 'Pizza pazza', 'time': '2025-09-11 19:01', 'type': 'terminated', 'active': True, 'chat_id': '-1002593119445'}
2025-05-08 10:32:28,264 - INFO - HTTP Request: POST https://api.telegram.org/bot7836218242:AAErQTHFy-LiPSTZeAqb2JYk-q6euCZtHRw/sendMessage "HTTP/1.1 200 OK"
2025-05-08 10:32:28,267 - INFO - Sent message to -1002593119445: ✅ Added terminated: Pizza pazza (2025-09-11 19:01)
2025-05-08 10:32:30,467 - INFO - HTTP Request: POST https://api.telegram.org/bot7836218242:AAErQTHFy-LiPSTZeAqb2JYk-q6euCZtHRw/getUpdates "HTTP/1.1 200 OK"
2025-05-08 10:32:30,521 - INFO - HTTP Request: POST https://api.telegram.org/bot7836218242:AAErQTHFy-LiPSTZeAqb2JYk-q6euCZtHRw/sendMessage "HTTP/1.1 200 OK"
2025-05-08 10:32:30,524 - INFO - Sent message to -1002593119445: ❌ No pending event to confirm
2025-05-08 10:32:36,859 - INFO - HTTP Request: POST https://api.telegram.org/bot7836218242:AAErQTHFy-LiPSTZeAqb2JYk-q6euCZtHRw/getUpdates "HTTP/1.1 200 OK"
2025-05-08 10:32:37,148 - INFO - HTTP Request: POST https://api.telegram.org/bot7836218242:AAErQTHFy-LiPSTZeAqb2JYk-q6euCZtHRw/sendMessage "HTTP/1.1 200 OK"
2025-05-08 10:32:37,152 - INFO - Sent message to -1002593119445: 📋 Active Events and To-Dos:
- Event: Pizza night (2025-08-25 19:00)
- Event: Pizza pazza (2025-09-11 19:01)

2025-05-08 10:32:46,888 - INFO - HTTP Request: POST https://api.telegram.org/bot7836218242:AAErQTHFy-LiPSTZeAqb2JYk-q6euCZtHRw/getUpdates "HTTP/1.1 200 OK"
2025-05-08 10:32:53,176 - INFO - HTTP Request: POST https://api.telegram.org/bot7836218242:AAErQTHFy-LiPSTZeAqb2JYk-q6euCZtHRw/getUpdates "HTTP/1.1 200 OK"
2025-05-08 10:32:53,457 - INFO - HTTP Request: POST https://api.telegram.org/bot7836218242:AAErQTHFy-LiPSTZeAqb2JYk-q6euCZtHRw/sendMessage "HTTP/1.1 200 OK"
2025-05-08 10:32:53,459 - INFO - Sent message to -1002593119445: ❌ No pending event to confirm
2025-05-08 10:32:57,739 - INFO - HTTP Request: POST https://api.telegram.org/bot7836218242:AAErQTHFy-LiPSTZeAqb2JYk-q6euCZtHRw/getUpdates "HTTP/1.1 200 OK"
2025-05-08 10:32:57,792 - INFO - HTTP Request: POST https://api.telegram.org/bot7836218242:AAErQTHFy-LiPSTZeAqb2JYk-q6euCZtHRw/sendMessage "HTTP/1.1 200 OK"
2025-05-08 10:32:57,794 - INFO - Sent message to -1002593119445: 📋 Active Events and To-Dos:
- Event: Pizza night (2025-08-25 19:00)
- Event: Pizza pazza (2025-09-11 19:01)

2025-05-08 10:33:07,766 - INFO - HTTP Request: POST https://api.telegram.org/bot7836218242:AAErQTHFy-LiPSTZeAqb2JYk-q6euCZtHRw/getUpdates "HTTP/1.1 200 OK"
2025-05-08 10:33:17,790 - INFO - HTTP Request: POST https://api.telegram.org/bot7836218242:AAErQTHFy-LiPSTZeAqb2JYk-q6euCZtHRw/getUpdates "HTTP/1.1 200 OK"
2025-05-08 10:33:27,821 - INFO - HTTP Request: POST https://api.telegram.org/bot7836218242:AAErQTHFy-LiPSTZeAqb2JYk-q6euCZtHRw/getUpdates "HTTP/1.1 200 OK"
2025-05-08 10:33:29,333 - INFO - HTTP Request: POST https://api.telegram.org/bot7836218242:AAErQTHFy-LiPSTZeAqb2JYk-q6euCZtHRw/getUpdates "HTTP/1.1 200 OK"
2025-05-08 10:33:39,360 - INFO - HTTP Request: POST https://api.telegram.org/bot7836218242:AAErQTHFy-LiPSTZeAqb2JYk-q6euCZtHRw/getUpdates "HTTP/1.1 200 OK"
2025-05-08 10:33:49,386 - INFO - HTTP Request: POST https://api.telegram.org/bot7836218242:AAErQTHFy-LiPSTZeAqb2JYk-q6euCZtHRw/getUpdates "HTTP/1.1 200 OK"
2025-05-08 10:33:59,409 - INFO - HTTP Request: POST https://api.telegram.org/bot7836218242:AAErQTHFy-LiPSTZeAqb2JYk-q6euCZtHRw/getUpdates "HTTP/1.1 200 OK"
2025-05-08 10:34:08,076 - INFO - HTTP Request: POST https://api.telegram.org/bot7836218242:AAErQTHFy-LiPSTZeAqb2JYk-q6euCZtHRw/getUpdates "HTTP/1.1 200 OK"
2025-05-08 10:34:12,076 - INFO - HTTP Request: POST https://api.telegram.org/bot7836218242:AAErQTHFy-LiPSTZeAqb2JYk-q6euCZtHRw/getUpdates "HTTP/1.1 200 OK"
2025-05-08 10:34:17,509 - INFO - HTTP Request: POST https://api.telegram.org/bot7836218242:AAErQTHFy-LiPSTZeAqb2JYk-q6euCZtHRw/getUpdates "HTTP/1.1 200 OK"
2025-05-08 10:34:17,918 - INFO - HTTP Request: POST https://api.telegram.org/bot7836218242:AAErQTHFy-LiPSTZeAqb2JYk-q6euCZtHRw/sendMessage "HTTP/1.1 200 OK"
2025-05-08 10:34:17,923 - INFO - Sent message to -1002593119445: 📋 Active Events and To-Dos:
- Event: Pizza night (2025-08-25 19:00)
- Event: Pizza pazza (2025-09-11 19:01)

2025-05-08 10:34:22,150 - INFO - HTTP Request: POST https://api.telegram.org/bot7836218242:AAErQTHFy-LiPSTZeAqb2JYk-q6euCZtHRw/getUpdates "HTTP/1.1 200 OK"
2025-05-08 10:34:32,190 - INFO - HTTP Request: POST https://api.telegram.org/bot7836218242:AAErQTHFy-LiPSTZeAqb2JYk-q6euCZtHRw/getUpdates "HTTP/1.1 200 OK"
2025-05-08 10:34:42,217 - INFO - HTTP Request: POST https://api.telegram.org/bot7836218242:AAErQTHFy-LiPSTZeAqb2JYk-q6euCZtHRw/getUpdates "HTTP/1.1 200 OK"
2025-05-08 10:34:52,239 - INFO - HTTP Request: POST https://api.telegram.org/bot7836218242:AAErQTHFy-LiPSTZeAqb2JYk-q6euCZtHRw/getUpdates "HTTP/1.1 200 OK"
2025-05-08 10:35:02,261 - INFO - HTTP Request: POST https://api.telegram.org/bot7836218242:AAErQTHFy-LiPSTZeAqb2JYk-q6euCZtHRw/getUpdates "HTTP/1.1 200 OK"
2025-05-08 10:35:12,286 - INFO - HTTP Request: POST https://api.telegram.org/bot7836218242:AAErQTHFy-LiPSTZeAqb2JYk-q6euCZtHRw/getUpdates "HTTP/1.1 200 OK"
2025-05-08 10:35:22,309 - INFO - HTTP Request: POST https://api.telegram.org/bot7836218242:AAErQTHFy-LiPSTZeAqb2JYk-q6euCZtHRw/getUpdates "HTTP/1.1 200 OK"
2025-05-08 10:35:31,680 - INFO - HTTP Request: POST https://api.telegram.org/bot7836218242:AAErQTHFy-LiPSTZeAqb2JYk-q6euCZtHRw/getUpdates "HTTP/1.1 200 OK"
2025-05-08 10:35:31,682 - INFO - Application is stopping. This might take a moment.
2025-05-08 10:35:31,684 - INFO - Scheduler has been shut down
2025-05-08 10:35:31,696 - INFO - Application.stop() complete
2025-05-08 10:38:40,651 - INFO - Command handlers registered
2025-05-08 10:38:40,652 - INFO - Starting bot polling
2025-05-08 10:38:40,849 - INFO - HTTP Request: POST https://api.telegram.org/bot7836218242:AAErQTHFy-LiPSTZeAqb2JYk-q6euCZtHRw/getMe "HTTP/1.1 200 OK"
2025-05-08 10:38:40,869 - INFO - HTTP Request: POST https://api.telegram.org/bot7836218242:AAErQTHFy-LiPSTZeAqb2JYk-q6euCZtHRw/deleteWebhook "HTTP/1.1 200 OK"
2025-05-08 10:38:40,873 - INFO - Scheduler started
2025-05-08 10:38:40,873 - INFO - Application started
2025-05-08 10:38:47,668 - INFO - HTTP Request: POST https://api.telegram.org/bot7836218242:AAErQTHFy-LiPSTZeAqb2JYk-q6euCZtHRw/getUpdates "HTTP/1.1 200 OK"
2025-05-08 10:38:47,910 - INFO - HTTP Request: POST https://api.telegram.org/bot7836218242:AAErQTHFy-LiPSTZeAqb2JYk-q6euCZtHRw/sendMessage "HTTP/1.1 200 OK"
2025-05-08 10:38:47,913 - INFO - Sent message to -1002593119445: ℹ️ No active events or to-dos.
2025-05-08 10:38:56,603 - INFO - HTTP Request: POST https://api.telegram.org/bot7836218242:AAErQTHFy-LiPSTZeAqb2JYk-q6euCZtHRw/getUpdates "HTTP/1.1 200 OK"
2025-05-08 10:38:56,859 - INFO - HTTP Request: POST https://api.telegram.org/bot7836218242:AAErQTHFy-LiPSTZeAqb2JYk-q6euCZtHRw/sendMessage "HTTP/1.1 200 OK"
2025-05-08 10:38:56,862 - INFO - Sent message to -1002593119445: ❌ Usage: /todo <message> [YYYY-MM-DD HH:MM|MM-DD HH:MM]
2025-05-08 10:39:06,633 - INFO - HTTP Request: POST https://api.telegram.org/bot7836218242:AAErQTHFy-LiPSTZeAqb2JYk-q6euCZtHRw/getUpdates "HTTP/1.1 200 OK"
2025-05-08 10:39:16,145 - INFO - HTTP Request: POST https://api.telegram.org/bot7836218242:AAErQTHFy-LiPSTZeAqb2JYk-q6euCZtHRw/getUpdates "HTTP/1.1 200 OK"
2025-05-08 10:39:16,147 - INFO - Processing /todo: Pizza puzza 2025-05-16 19:00
2025-05-08 10:39:16,157 - INFO - Added event: {'id': 1, 'message': 'Pizza puzza', 'time': '2025-05-16 19:00', 'type': 'terminated', 'active': True, 'chat_id': '-1002593119445'}
2025-05-08 10:39:16,394 - INFO - HTTP Request: POST https://api.telegram.org/bot7836218242:AAErQTHFy-LiPSTZeAqb2JYk-q6euCZtHRw/sendMessage "HTTP/1.1 200 OK"
2025-05-08 10:39:16,396 - INFO - Sent message to -1002593119445: ✅ Added terminated: Pizza puzza (2025-05-16 19:00)
2025-05-08 10:39:19,207 - INFO - HTTP Request: POST https://api.telegram.org/bot7836218242:AAErQTHFy-LiPSTZeAqb2JYk-q6euCZtHRw/getUpdates "HTTP/1.1 200 OK"
2025-05-08 10:39:19,266 - INFO - HTTP Request: POST https://api.telegram.org/bot7836218242:AAErQTHFy-LiPSTZeAqb2JYk-q6euCZtHRw/sendMessage "HTTP/1.1 200 OK"
2025-05-08 10:39:19,269 - INFO - Sent message to -1002593119445: 📋 Active Events and To-Dos:
- Event: Pizza puzza (2025-05-16 19:00)

2025-05-08 10:39:29,238 - INFO - HTTP Request: POST https://api.telegram.org/bot7836218242:AAErQTHFy-LiPSTZeAqb2JYk-q6euCZtHRw/getUpdates "HTTP/1.1 200 OK"
2025-05-08 10:39:37,534 - INFO - HTTP Request: POST https://api.telegram.org/bot7836218242:AAErQTHFy-LiPSTZeAqb2JYk-q6euCZtHRw/getUpdates "HTTP/1.1 200 OK"
2025-05-08 10:39:37,538 - INFO - Processing /todo: pizzapp 09-12 19:01
2025-05-08 10:39:37,762 - INFO - HTTP Request: POST https://api.telegram.org/bot7836218242:AAErQTHFy-LiPSTZeAqb2JYk-q6euCZtHRw/sendMessage "HTTP/1.1 200 OK"
2025-05-08 10:39:37,765 - INFO - Sent message to -1002593119445: Interpreted as 2025-09-12 19:01 [Y/n]
2025-05-08 10:39:41,400 - INFO - HTTP Request: POST https://api.telegram.org/bot7836218242:AAErQTHFy-LiPSTZeAqb2JYk-q6euCZtHRw/getUpdates "HTTP/1.1 200 OK"
2025-05-08 10:39:41,402 - INFO - Added confirmed event: {'id': 2, 'message': 'pizzapp', 'time': '2025-09-12 19:01', 'type': 'terminated', 'active': True, 'chat_id': '-1002593119445'}
2025-05-08 10:39:41,727 - INFO - HTTP Request: POST https://api.telegram.org/bot7836218242:AAErQTHFy-LiPSTZeAqb2JYk-q6euCZtHRw/sendMessage "HTTP/1.1 200 OK"
2025-05-08 10:39:41,732 - INFO - Sent message to -1002593119445: ✅ Added terminated: pizzapp (2025-09-12 19:01)
2025-05-08 10:39:44,052 - INFO - HTTP Request: POST https://api.telegram.org/bot7836218242:AAErQTHFy-LiPSTZeAqb2JYk-q6euCZtHRw/getUpdates "HTTP/1.1 200 OK"
2025-05-08 10:39:44,123 - INFO - HTTP Request: POST https://api.telegram.org/bot7836218242:AAErQTHFy-LiPSTZeAqb2JYk-q6euCZtHRw/sendMessage "HTTP/1.1 200 OK"
2025-05-08 10:39:44,125 - INFO - Sent message to -1002593119445: 📋 Active Events and To-Dos:
- Event: Pizza puzza (2025-05-16 19:00)
- Event: pizzapp (2025-09-12 19:01)

2025-05-08 10:39:54,087 - INFO - HTTP Request: POST https://api.telegram.org/bot7836218242:AAErQTHFy-LiPSTZeAqb2JYk-q6euCZtHRw/getUpdates "HTTP/1.1 200 OK"
2025-05-08 10:40:04,131 - INFO - HTTP Request: POST https://api.telegram.org/bot7836218242:AAErQTHFy-LiPSTZeAqb2JYk-q6euCZtHRw/getUpdates "HTTP/1.1 200 OK"
2025-05-08 10:40:07,498 - INFO - HTTP Request: POST https://api.telegram.org/bot7836218242:AAErQTHFy-LiPSTZeAqb2JYk-q6euCZtHRw/getUpdates "HTTP/1.1 200 OK"
2025-05-08 10:40:17,534 - INFO - HTTP Request: POST https://api.telegram.org/bot7836218242:AAErQTHFy-LiPSTZeAqb2JYk-q6euCZtHRw/getUpdates "HTTP/1.1 200 OK"
2025-05-08 10:40:22,185 - INFO - Command handlers registered
2025-05-08 10:40:22,185 - INFO - Starting bot polling
2025-05-08 10:40:22,366 - INFO - HTTP Request: POST https://api.telegram.org/bot7836218242:AAErQTHFy-LiPSTZeAqb2JYk-q6euCZtHRw/getMe "HTTP/1.1 200 OK"
2025-05-08 10:40:22,386 - INFO - HTTP Request: POST https://api.telegram.org/bot7836218242:AAErQTHFy-LiPSTZeAqb2JYk-q6euCZtHRw/deleteWebhook "HTTP/1.1 200 OK"
2025-05-08 10:40:22,390 - INFO - Scheduler started
2025-05-08 10:40:22,390 - INFO - Application started
2025-05-08 10:40:32,562 - INFO - HTTP Request: POST https://api.telegram.org/bot7836218242:AAErQTHFy-LiPSTZeAqb2JYk-q6euCZtHRw/getUpdates "HTTP/1.1 200 OK"
2025-05-08 10:40:33,388 - INFO - HTTP Request: POST https://api.telegram.org/bot7836218242:AAErQTHFy-LiPSTZeAqb2JYk-q6euCZtHRw/getUpdates "HTTP/1.1 200 OK"
2025-05-08 10:40:33,392 - INFO - Processing /todo: Pizza night 01-25 19:00
2025-05-08 10:40:33,611 - INFO - HTTP Request: POST https://api.telegram.org/bot7836218242:AAErQTHFy-LiPSTZeAqb2JYk-q6euCZtHRw/sendMessage "HTTP/1.1 200 OK"
2025-05-08 10:40:33,614 - INFO - Sent message to -1002593119445: Interpreted as 2026-01-25 19:00 [Y/n]
2025-05-08 10:40:39,606 - INFO - HTTP Request: POST https://api.telegram.org/bot7836218242:AAErQTHFy-LiPSTZeAqb2JYk-q6euCZtHRw/getUpdates "HTTP/1.1 200 OK"
2025-05-08 10:40:39,609 - INFO - Added confirmed event: {'id': 1, 'message': 'Pizza night', 'time': '2026-01-25 19:00', 'type': 'terminated', 'active': True, 'chat_id': '-1002593119445'}
2025-05-08 10:40:39,826 - INFO - HTTP Request: POST https://api.telegram.org/bot7836218242:AAErQTHFy-LiPSTZeAqb2JYk-q6euCZtHRw/sendMessage "HTTP/1.1 200 OK"
2025-05-08 10:40:39,828 - INFO - Sent message to -1002593119445: ✅ Added terminated: Pizza night (2026-01-25 19:00)
2025-05-08 10:40:49,636 - INFO - HTTP Request: POST https://api.telegram.org/bot7836218242:AAErQTHFy-LiPSTZeAqb2JYk-q6euCZtHRw/getUpdates "HTTP/1.1 200 OK"
2025-05-08 10:40:50,207 - INFO - HTTP Request: POST https://api.telegram.org/bot7836218242:AAErQTHFy-LiPSTZeAqb2JYk-q6euCZtHRw/getUpdates "HTTP/1.1 200 OK"
2025-05-08 10:40:50,414 - INFO - HTTP Request: POST https://api.telegram.org/bot7836218242:AAErQTHFy-LiPSTZeAqb2JYk-q6euCZtHRw/sendMessage "HTTP/1.1 200 OK"
2025-05-08 10:40:50,417 - INFO - Sent message to -1002593119445: ❌ No pending event to confirm
2025-05-08 10:40:57,721 - INFO - HTTP Request: POST https://api.telegram.org/bot7836218242:AAErQTHFy-LiPSTZeAqb2JYk-q6euCZtHRw/getUpdates "HTTP/1.1 200 OK"
2025-05-08 10:40:58,050 - INFO - HTTP Request: POST https://api.telegram.org/bot7836218242:AAErQTHFy-LiPSTZeAqb2JYk-q6euCZtHRw/sendMessage "HTTP/1.1 200 OK"
2025-05-08 10:40:58,053 - INFO - Sent message to -1002593119445: 📋 Active Events and To-Dos:
- Event: Pizza night (2026-01-25 19:00)

2025-05-08 10:41:07,776 - INFO - HTTP Request: POST https://api.telegram.org/bot7836218242:AAErQTHFy-LiPSTZeAqb2JYk-q6euCZtHRw/getUpdates "HTTP/1.1 200 OK"
2025-05-08 10:41:17,799 - INFO - HTTP Request: POST https://api.telegram.org/bot7836218242:AAErQTHFy-LiPSTZeAqb2JYk-q6euCZtHRw/getUpdates "HTTP/1.1 200 OK"
2025-05-08 10:41:19,057 - INFO - HTTP Request: POST https://api.telegram.org/bot7836218242:AAErQTHFy-LiPSTZeAqb2JYk-q6euCZtHRw/getUpdates "HTTP/1.1 200 OK"
2025-05-08 10:41:29,085 - INFO - HTTP Request: POST https://api.telegram.org/bot7836218242:AAErQTHFy-LiPSTZeAqb2JYk-q6euCZtHRw/getUpdates "HTTP/1.1 200 OK"
2025-05-08 10:41:39,111 - INFO - HTTP Request: POST https://api.telegram.org/bot7836218242:AAErQTHFy-LiPSTZeAqb2JYk-q6euCZtHRw/getUpdates "HTTP/1.1 200 OK"
2025-05-08 10:41:43,945 - INFO - Command handlers registered
2025-05-08 10:41:43,945 - INFO - Starting bot polling
2025-05-08 10:41:44,151 - INFO - HTTP Request: POST https://api.telegram.org/bot7836218242:AAErQTHFy-LiPSTZeAqb2JYk-q6euCZtHRw/getMe "HTTP/1.1 200 OK"
2025-05-08 10:41:44,171 - INFO - HTTP Request: POST https://api.telegram.org/bot7836218242:AAErQTHFy-LiPSTZeAqb2JYk-q6euCZtHRw/deleteWebhook "HTTP/1.1 200 OK"
2025-05-08 10:41:44,174 - INFO - Scheduler started
2025-05-08 10:41:44,175 - INFO - Application started
2025-05-08 10:41:46,470 - INFO - HTTP Request: POST https://api.telegram.org/bot7836218242:AAErQTHFy-LiPSTZeAqb2JYk-q6euCZtHRw/getUpdates "HTTP/1.1 200 OK"
2025-05-08 10:41:56,492 - INFO - HTTP Request: POST https://api.telegram.org/bot7836218242:AAErQTHFy-LiPSTZeAqb2JYk-q6euCZtHRw/getUpdates "HTTP/1.1 200 OK"
2025-05-08 10:42:02,601 - INFO - HTTP Request: POST https://api.telegram.org/bot7836218242:AAErQTHFy-LiPSTZeAqb2JYk-q6euCZtHRw/getUpdates "HTTP/1.1 200 OK"
2025-05-08 10:42:02,603 - INFO - Application is stopping. This might take a moment.
2025-05-08 10:42:02,604 - INFO - Scheduler has been shut down
2025-05-08 10:42:02,614 - INFO - Application.stop() complete
2025-05-08 10:42:04,487 - INFO - Command handlers registered
2025-05-08 10:42:04,488 - INFO - Starting bot polling
2025-05-08 10:42:04,673 - INFO - HTTP Request: POST https://api.telegram.org/bot7836218242:AAErQTHFy-LiPSTZeAqb2JYk-q6euCZtHRw/getMe "HTTP/1.1 200 OK"
2025-05-08 10:42:04,697 - INFO - HTTP Request: POST https://api.telegram.org/bot7836218242:AAErQTHFy-LiPSTZeAqb2JYk-q6euCZtHRw/deleteWebhook "HTTP/1.1 200 OK"
2025-05-08 10:42:04,702 - INFO - Scheduler started
2025-05-08 10:42:04,702 - INFO - Application started
2025-05-08 10:42:07,741 - INFO - HTTP Request: POST https://api.telegram.org/bot7836218242:AAErQTHFy-LiPSTZeAqb2JYk-q6euCZtHRw/getUpdates "HTTP/1.1 200 OK"
2025-05-08 10:42:17,768 - INFO - HTTP Request: POST https://api.telegram.org/bot7836218242:AAErQTHFy-LiPSTZeAqb2JYk-q6euCZtHRw/getUpdates "HTTP/1.1 200 OK"
2025-05-08 10:42:27,792 - INFO - HTTP Request: POST https://api.telegram.org/bot7836218242:AAErQTHFy-LiPSTZeAqb2JYk-q6euCZtHRw/getUpdates "HTTP/1.1 200 OK"
2025-05-08 10:42:37,816 - INFO - HTTP Request: POST https://api.telegram.org/bot7836218242:AAErQTHFy-LiPSTZeAqb2JYk-q6euCZtHRw/getUpdates "HTTP/1.1 200 OK"
2025-05-08 10:42:41,263 - INFO - HTTP Request: POST https://api.telegram.org/bot7836218242:AAErQTHFy-LiPSTZeAqb2JYk-q6euCZtHRw/getUpdates "HTTP/1.1 200 OK"
2025-05-08 10:42:41,264 - INFO - Application is stopping. This might take a moment.
2025-05-08 10:42:41,265 - INFO - Scheduler has been shut down
2025-05-08 10:42:41,275 - INFO - Application.stop() complete
2025-05-08 10:44:49,170 - INFO - Command handlers registered
2025-05-08 10:44:49,171 - INFO - Starting bot polling
2025-05-08 10:44:49,368 - INFO - HTTP Request: POST https://api.telegram.org/bot7836218242:AAErQTHFy-LiPSTZeAqb2JYk-q6euCZtHRw/getMe "HTTP/1.1 200 OK"
2025-05-08 10:44:49,387 - INFO - HTTP Request: POST https://api.telegram.org/bot7836218242:AAErQTHFy-LiPSTZeAqb2JYk-q6euCZtHRw/deleteWebhook "HTTP/1.1 200 OK"
2025-05-08 10:44:49,391 - INFO - Scheduler started
2025-05-08 10:44:49,392 - INFO - Application started
2025-05-08 10:44:52,525 - INFO - HTTP Request: POST https://api.telegram.org/bot7836218242:AAErQTHFy-LiPSTZeAqb2JYk-q6euCZtHRw/getUpdates "HTTP/1.1 200 OK"
2025-05-08 10:44:52,591 - INFO - HTTP Request: POST https://api.telegram.org/bot7836218242:AAErQTHFy-LiPSTZeAqb2JYk-q6euCZtHRw/sendMessage "HTTP/1.1 200 OK"
2025-05-08 10:44:52,594 - INFO - Sent message to -1002593119445: 📖 @PytstsyToDobot Help

/todo <message> [YYYY-MM-DD HH:MM|MM-DD HH:MM] - Add an event or to-do
/done <message> - Mark a to-do as completed
/list - List all active events and to-dos
/help - Show this help message

Examples:
- /todo Pizza night 2025-07-25 19:00
- /todo Pizza night 08-25 19:00
- /todo Fix bike
- /done Fix bike
2025-05-08 10:45:02,564 - INFO - HTTP Request: POST https://api.telegram.org/bot7836218242:AAErQTHFy-LiPSTZeAqb2JYk-q6euCZtHRw/getUpdates "HTTP/1.1 200 OK"
2025-05-08 10:45:03,981 - INFO - HTTP Request: POST https://api.telegram.org/bot7836218242:AAErQTHFy-LiPSTZeAqb2JYk-q6euCZtHRw/getUpdates "HTTP/1.1 200 OK"
2025-05-08 10:45:14,007 - INFO - HTTP Request: POST https://api.telegram.org/bot7836218242:AAErQTHFy-LiPSTZeAqb2JYk-q6euCZtHRw/getUpdates "HTTP/1.1 200 OK"
2025-05-08 10:45:24,035 - INFO - HTTP Request: POST https://api.telegram.org/bot7836218242:AAErQTHFy-LiPSTZeAqb2JYk-q6euCZtHRw/getUpdates "HTTP/1.1 200 OK"
2025-05-08 10:45:28,538 - INFO - HTTP Request: POST https://api.telegram.org/bot7836218242:AAErQTHFy-LiPSTZeAqb2JYk-q6euCZtHRw/getUpdates "HTTP/1.1 200 OK"
2025-05-08 10:45:28,539 - INFO - Application is stopping. This might take a moment.
2025-05-08 10:45:28,539 - INFO - Scheduler has been shut down
2025-05-08 10:45:28,550 - INFO - Application.stop() complete
2025-05-08 11:10:32,623 - INFO - Command handlers registered
2025-05-08 11:10:32,624 - INFO - Starting bot polling
2025-05-08 11:10:32,816 - INFO - HTTP Request: POST https://api.telegram.org/bot7836218242:AAErQTHFy-LiPSTZeAqb2JYk-q6euCZtHRw/getMe "HTTP/1.1 200 OK"
2025-05-08 11:10:32,835 - INFO - HTTP Request: POST https://api.telegram.org/bot7836218242:AAErQTHFy-LiPSTZeAqb2JYk-q6euCZtHRw/deleteWebhook "HTTP/1.1 200 OK"
2025-05-08 11:10:32,838 - INFO - Scheduler started
2025-05-08 11:10:32,838 - INFO - Application started
2025-05-08 11:10:33,005 - INFO - HTTP Request: POST https://api.telegram.org/bot7836218242:AAErQTHFy-LiPSTZeAqb2JYk-q6euCZtHRw/getUpdates "HTTP/1.1 200 OK"
2025-05-08 11:10:33,071 - INFO - HTTP Request: POST https://api.telegram.org/bot7836218242:AAErQTHFy-LiPSTZeAqb2JYk-q6euCZtHRw/sendMessage "HTTP/1.1 200 OK"
2025-05-08 11:10:33,076 - INFO - Sent message to -1002593119445: 📖 @PytstsyToDobot Help

/todo <message> [YYYY-MM-DD HH:MM|MM-DD HH:MM] - Add an event or to-do
/done <message> - Mark a to-do as completed
/list - List all active events and to-dos
/help - Show this help message

Examples:
- /todo Pizza night 2025-07-25 19:00
- /todo Pizza night 08-25 19:00
- /todo Fix bike
- /done Fix bike
2025-05-08 11:10:43,040 - INFO - HTTP Request: POST https://api.telegram.org/bot7836218242:AAErQTHFy-LiPSTZeAqb2JYk-q6euCZtHRw/getUpdates "HTTP/1.1 200 OK"
2025-05-08 11:10:53,063 - INFO - HTTP Request: POST https://api.telegram.org/bot7836218242:AAErQTHFy-LiPSTZeAqb2JYk-q6euCZtHRw/getUpdates "HTTP/1.1 200 OK"
2025-05-08 11:10:54,211 - INFO - HTTP Request: POST https://api.telegram.org/bot7836218242:AAErQTHFy-LiPSTZeAqb2JYk-q6euCZtHRw/getUpdates "HTTP/1.1 200 OK"
2025-05-08 11:10:54,464 - INFO - HTTP Request: POST https://api.telegram.org/bot7836218242:AAErQTHFy-LiPSTZeAqb2JYk-q6euCZtHRw/sendMessage "HTTP/1.1 200 OK"
2025-05-08 11:10:54,468 - INFO - Sent message to -1002593119445: 📖 @PytstsyToDobot Help

/todo <message> [YYYY-MM-DD HH:MM|MM-DD HH:MM] - Add an event or to-do
/done <message> - Mark a to-do as completed
/list - List all active events and to-dos
/help - Show this help message

Examples:
- /todo Pizza night 2025-07-25 19:00
- /todo Pizza night 08-25 19:00
- /todo Fix bike
- /done Fix bike
2025-05-08 11:11:03,820 - INFO - HTTP Request: POST https://api.telegram.org/bot7836218242:AAErQTHFy-LiPSTZeAqb2JYk-q6euCZtHRw/getUpdates "HTTP/1.1 200 OK"
2025-05-08 11:11:08,921 - INFO - HTTP Request: POST https://api.telegram.org/bot7836218242:AAErQTHFy-LiPSTZeAqb2JYk-q6euCZtHRw/getUpdates "HTTP/1.1 200 OK"
2025-05-08 11:11:09,149 - INFO - HTTP Request: POST https://api.telegram.org/bot7836218242:AAErQTHFy-LiPSTZeAqb2JYk-q6euCZtHRw/sendMessage "HTTP/1.1 200 OK"
2025-05-08 11:11:09,151 - INFO - Sent message to -1002593119445: ℹ️ No active events or to-dos.
2025-05-08 11:11:14,181 - INFO - HTTP Request: POST https://api.telegram.org/bot7836218242:AAErQTHFy-LiPSTZeAqb2JYk-q6euCZtHRw/getUpdates "HTTP/1.1 200 OK"
2025-05-08 11:11:24,216 - INFO - HTTP Request: POST https://api.telegram.org/bot7836218242:AAErQTHFy-LiPSTZeAqb2JYk-q6euCZtHRw/getUpdates "HTTP/1.1 200 OK"
2025-05-08 11:11:34,334 - INFO - HTTP Request: POST https://api.telegram.org/bot7836218242:AAErQTHFy-LiPSTZeAqb2JYk-q6euCZtHRw/getUpdates "HTTP/1.1 200 OK"
2025-05-08 11:11:44,368 - INFO - HTTP Request: POST https://api.telegram.org/bot7836218242:AAErQTHFy-LiPSTZeAqb2JYk-q6euCZtHRw/getUpdates "HTTP/1.1 200 OK"
2025-05-08 11:11:54,406 - INFO - HTTP Request: POST https://api.telegram.org/bot7836218242:AAErQTHFy-LiPSTZeAqb2JYk-q6euCZtHRw/getUpdates "HTTP/1.1 200 OK"
2025-05-08 11:12:04,443 - INFO - HTTP Request: POST https://api.telegram.org/bot7836218242:AAErQTHFy-LiPSTZeAqb2JYk-q6euCZtHRw/getUpdates "HTTP/1.1 200 OK"
2025-05-08 11:12:14,538 - INFO - HTTP Request: POST https://api.telegram.org/bot7836218242:AAErQTHFy-LiPSTZeAqb2JYk-q6euCZtHRw/getUpdates "HTTP/1.1 200 OK"
2025-05-08 11:12:24,573 - INFO - HTTP Request: POST https://api.telegram.org/bot7836218242:AAErQTHFy-LiPSTZeAqb2JYk-q6euCZtHRw/getUpdates "HTTP/1.1 200 OK"
2025-05-08 11:12:34,597 - INFO - HTTP Request: POST https://api.telegram.org/bot7836218242:AAErQTHFy-LiPSTZeAqb2JYk-q6euCZtHRw/getUpdates "HTTP/1.1 200 OK"
2025-05-08 11:12:44,621 - INFO - HTTP Request: POST https://api.telegram.org/bot7836218242:AAErQTHFy-LiPSTZeAqb2JYk-q6euCZtHRw/getUpdates "HTTP/1.1 200 OK"
2025-05-08 11:12:54,646 - INFO - HTTP Request: POST https://api.telegram.org/bot7836218242:AAErQTHFy-LiPSTZeAqb2JYk-q6euCZtHRw/getUpdates "HTTP/1.1 200 OK"
2025-05-08 11:13:04,672 - INFO - HTTP Request: POST https://api.telegram.org/bot7836218242:AAErQTHFy-LiPSTZeAqb2JYk-q6euCZtHRw/getUpdates "HTTP/1.1 200 OK"
2025-05-08 11:13:14,699 - INFO - HTTP Request: POST https://api.telegram.org/bot7836218242:AAErQTHFy-LiPSTZeAqb2JYk-q6euCZtHRw/getUpdates "HTTP/1.1 200 OK"
2025-05-08 11:13:24,725 - INFO - HTTP Request: POST https://api.telegram.org/bot7836218242:AAErQTHFy-LiPSTZeAqb2JYk-q6euCZtHRw/getUpdates "HTTP/1.1 200 OK"
2025-05-08 11:13:34,751 - INFO - HTTP Request: POST https://api.telegram.org/bot7836218242:AAErQTHFy-LiPSTZeAqb2JYk-q6euCZtHRw/getUpdates "HTTP/1.1 200 OK"
2025-05-08 11:13:44,775 - INFO - HTTP Request: POST https://api.telegram.org/bot7836218242:AAErQTHFy-LiPSTZeAqb2JYk-q6euCZtHRw/getUpdates "HTTP/1.1 200 OK"
2025-05-08 11:13:48,108 - INFO - HTTP Request: POST https://api.telegram.org/bot7836218242:AAErQTHFy-LiPSTZeAqb2JYk-q6euCZtHRw/getUpdates "HTTP/1.1 200 OK"
2025-05-08 11:13:48,109 - INFO - Application is stopping. This might take a moment.
2025-05-08 11:13:48,110 - INFO - Scheduler has been shut down
2025-05-08 11:13:48,120 - INFO - Application.stop() complete
